marque,modele,kilometrage,annee,energie,boite,puissance,prix
0,0,105000,2001,1,2,6,1000
1,1,184000,1994,0,0,6,10000
2,2,214,2008,0,0,9,10000
2,2,213,2008,0,0,9,10000
3,3,0,1994,0,2,5,10000
4,4,300000,2001,0,0,8,10000
5,5,180,2009,1,0,6,10000
6,6,100,2017,0,1,22,10000
7,7,270000,1991,1,2,7,10000
8,8,220000,1997,0,0,8,10000
3,9,100,2016,1,0,5,10000
7,10,165000,2008,0,1,22,100000
9,11,170000,2010,1,0,7,100000
10,12,85000,2011,1,1,13,100000
10,13,50000,2014,0,1,7,100000
10,14,92500,2014,1,1,7,100000
7,15,120000,2015,1,2,10,100000
2,16,183000,2001,0,0,5,1000000
6,17,44000,2017,0,1,5,102000
6,18,44000,2017,0,1,5,102000
11,19,50000,2016,0,1,10,102000
2,20,340000,1999,0,0,4,10300
3,21,250000,1995,0,0,4,10300
2,20,370000,1999,0,0,4,10300
10,22,73000,2014,0,1,8,103000
10,23,125306,2013,1,1,8,104000
2,20,250000,1998,0,0,4,10500
12,24,306000,1998,0,0,4,10500
13,25,79000,2014,0,1,7,105000
7,26,129000,2005,1,1,15,105000
13,27,113021,2013,0,1,10,105000
2,28,35064,2007,0,1,18,105000
14,29,72000,2016,0,1,8,106900
13,27,78000,2012,0,1,11,107500
0,0,270000,1998,0,0,4,10800
2,30,325,1991,1,2,4,10900
7,31,115000,2013,1,1,10,109000
5,32,220000,1997,0,0,4,11000
5,32,200000,1996,0,0,4,11000
15,33,500000,2003,1,0,9,11000
16,34,300,2000,1,2,6,11000
5,35,360000,2004,1,0,7,11000
17,36,258598,1997,1,0,8,11000
10,38,75000,2015,0,1,7,110000
18,39,215000,2011,1,2,9,110000
7,40,150,2014,0,1,10,110000
19,41,120000,2010,0,1,21,110000
20,42,110000,2014,0,1,7,11111
10,43,133000,2010,1,2,10,111111
20,42,110000,2014,0,1,7,111222
9,44,250000,2005,1,1,7,11200
21,45,190000,2013,0,1,15,112000
22,46,190000,2013,0,1,15,112000
13,27,125306,2013,1,0,8,112000
0,47,320000,2008,1,2,6,11300
3,48,100124,2002,0,2,5,11300
2,49,250000,2003,0,0,5,11450
2,50,298000,1993,1,0,6,11500
2,50,298000,1993,1,0,6,11500
5,32,200,1999,0,0,4,11500
13,51,400,1998,1,0,7,11500
2,50,298000,1993,1,0,6,11500
7,52,265000,1992,0,2,7,11500
22,46,145000,2012,1,1,9,115000
10,53,100000,2015,0,1,10,115000
14,54,84000,2016,0,1,8,115500
3,21,230,1998,0,0,4,11700
3,55,200000,1996,0,2,4,11700
3,21,218,2002,0,0,5,11700
0,56,127000,2003,1,2,4,11700
5,57,400000,2004,1,0,7,11800
3,48,137000,2003,0,0,4,11800
3,48,137000,2003,0,0,4,11800
10,58,150000,2016,1,2,9,118000
23,59,0,2018,0,1,6,118000
14,60,30268,2017,0,1,8,118000
24,61,0,2018,0,1,8,118000
2,62,13000,2019,0,1,6,118000
2,63,26742,2016,0,2,7,119000
23,64,3021,2018,0,1,6,119000
25,65,81000,2015,0,1,15,119000
10,22,85000,2014,0,1,8,119000
20,66,27000,2017,1,1,7,119000
23,67,3021,2018,0,1,6,119000
10,68,250000,2006,1,2,23,119500
26,69,5,2010,0,0,4,1200
2,70,300000,1992,0,0,7,12000
12,24,197,2000,0,0,4,12000
2,16,249201,2001,0,0,4,12000
2,71,215000,2003,0,2,4,12000
2,72,200,2007,1,2,8,12000
2,50,298000,1993,1,0,6,12000
2,73,250000,2002,1,2,8,12000
9,74,240000,2001,0,0,5,12000
10,75,77000,2014,0,1,8,120000
13,76,107000,2014,0,1,8,120000
21,77,218000,2009,0,2,34,120000
14,78,30000,2017,1,1,15,120000
27,79,30000,2010,0,1,34,120000
10,80,53000,2013,0,1,8,120000
21,45,110000,2014,0,1,15,120000
24,81,50000,2017,1,1,10,122000
5,57,270000,2006,1,2,7,12300
5,57,270000,2006,1,0,7,12300
5,82,259000,2000,0,2,4,12300
13,76,45000,2016,0,1,8,123000
10,38,45000,2016,0,1,8,123000
13,76,45000,2016,0,1,8,123000
28,83,169000,2013,1,2,9,12345
7,84,24000,2017,0,1,7,124000
10,85,117000,2014,0,1,8,124000
16,86,240000,2007,1,2,7,12500
2,49,200000,2005,0,1,5,12500
12,24,370,2000,1,2,7,12500
12,24,586414,1997,0,2,4,12500
9,87,360000,2007,1,0,7,12500
9,87,240000,2007,1,0,7,12500
5,57,177000,2001,1,0,7,12500
5,57,200000,2008,1,1,7,12500
22,88,53,2019,1,1,8,125000
14,78,33000,2017,0,1,16,125000
2,89,160372,2012,1,1,12,125000
10,80,144000,2015,1,2,9,125000
10,22,90000,2016,0,1,8,125000
28,90,50000,2016,1,1,12,125000
10,53,100002,2014,0,1,9,125000
7,91,200000,2009,1,1,19,125000
14,78,105000,2015,0,1,190,125000
10,92,82000,2014,0,1,4,126000
20,66,27000,2017,1,2,7,126900
29,93,267,1998,0,2,9,12700
25,94,100000,2016,0,1,12,127900
3,95,38000,2018,1,0,5,12800
13,76,71000,2014,0,1,8,128000
10,96,71000,2014,0,1,8,128000
8,8,400000,1994,0,0,8,12900
13,76,51000,2014,0,0,8,129000
10,38,99000,2015,0,1,9,129000
10,97,49500,2014,0,2,8,129000
13,98,200,1998,0,1,6,13000
7,99,185000,1984,0,2,8,13000
5,100,130000,2003,0,0,4,13000
0,101,100000,1998,0,2,4,13000
11,102,240000,2000,0,1,8,13000
7,99,185000,1984,0,2,8,13000
0,103,200000,2013,0,0,4,13000
10,75,60000,2015,1,1,7,130000
21,45,126000,2013,1,1,8,130000
24,104,60000,2018,1,1,7,130000
2,105,260000,2012,1,1,15,130000
9,106,217000,2006,0,0,5,13200
13,25,58000,2015,0,1,7,132000
5,107,260,2008,1,2,7,13300
30,108,0,2018,0,1,15,133000
5,100,227000,2001,0,1,4,13500
0,109,165000,2004,1,0,5,13500
0,0,320000,2002,0,2,4,13500
0,110,174000,2003,0,2,5,13500
9,74,200000,2003,0,0,4,13500
5,57,299000,2004,1,0,7,13500
3,111,210000,2000,1,0,7,13500
3,112,300000,2005,1,0,8,13500
0,0,320000,2002,0,0,4,13500
0,113,313000,2004,1,2,6,13500
18,114,500000,2001,1,0,10,13500
0,115,197000,2004,0,2,5,13500
2,16,180,2002,0,0,5,13500
10,116,53000,2013,1,1,7,135000
10,80,58000,2015,0,1,7,135000
13,27,53000,2013,1,1,7,135000
2,28,114000,2011,1,1,16,135000
10,117,90000,2013,0,1,12,135000
2,28,135000,2013,1,1,12,136000
13,76,75000,2014,0,1,10,137000
5,100,300,2003,0,0,4,13800
31,118,190000,2014,0,2,5,13800
0,109,313000,2004,1,0,6,13800
10,119,100000,2015,0,1,8,138000
2,49,209,2002,0,0,4,13900
0,0,310,2002,1,0,6,13900
2,49,200,2004,0,0,4,13900
2,49,210,2002,0,0,4,13900
2,120,23500,2017,0,1,8,139000
24,121,41000,2017,1,1,10,139500
13,122,205000,2001,0,1,11,14000
5,57,140000,2007,1,0,7,14000
16,86,155000,2008,1,2,6,14000
0,123,1200,2012,0,2,4,14000
0,0,200000,2000,0,0,4,14000
9,106,14000,2009,0,0,4,14000
31,124,203000,2012,1,0,6,14000
17,125,106000,1999,0,0,6,14000
0,0,281070,2000,0,0,4,14000
24,126,10000,2017,1,1,7,140000
13,27,55000,2015,0,1,10,140000
7,127,90000,2015,0,1,9,140000
15,128,28000,2018,0,1,9,140000
7,129,45000,2017,0,1,7,140000
28,130,71000,2016,1,1,12,140000
10,22,61000,2014,0,1,8,140000
2,131,31000,2018,0,1,8,140000
7,15,23000,2015,0,1,7,140000
7,132,55000,2015,0,1,12,142000
10,133,163000,2010,0,1,18,142500
31,124,149000,2018,1,0,6,14300
3,134,260000,2006,0,0,5,14300
3,21,226000,2007,0,0,5,14500
0,0,186000,1999,0,0,5,14500
2,49,205000,2005,0,0,4,14500
13,135,380000,1987,1,0,8,14500
16,106,235000,2003,0,2,4,14500
3,21,270000,1999,0,0,4,14500
31,136,280000,2012,1,2,6,14500
0,109,230,2007,0,1,7,14500
0,0,204000,2005,0,0,5,14500
10,22,30000,2015,0,1,8,145000
8,137,190000,2008,0,1,31,145000
10,138,40000,2016,0,1,8,145000
7,139,190000,2008,0,1,31,145000
10,138,60000,2015,0,1,8,145000
20,140,440,2004,1,2,12,14600
3,48,183000,2007,0,0,4,14600
3,21,178000,2007,0,0,5,14700
21,141,170000,2012,1,1,17,147000
2,49,212000,2004,0,0,5,14800
5,100,174000,2003,0,1,5,14800
7,15,30000,2017,0,1,7,148000
13,142,81000,2015,0,1,8,148500
10,143,81000,2015,0,1,8,148500
2,49,200000,2004,0,0,4,14900
0,0,237000,2001,0,0,4,14900
26,69,3456,2012,0,0,2,150
3,21,163000,2007,0,0,5,15000
0,144,182000,2001,0,2,4,15000
3,112,304000,2004,1,0,8,15000
9,145,90000,2005,0,1,5,15000
2,146,117000,2011,0,2,5,15000
6,18,5000,2018,0,0,5,15000
0,147,270000,2005,1,2,5,15000
20,148,208000,2005,0,2,5,15000
0,149,114000,2006,1,2,6,15000
25,150,246000,2002,0,2,10,15000
16,151,0,1999,0,1,6,15000
3,152,80000,2017,1,2,5,15000
30,153,200,2009,0,0,5,15000
3,21,170000,2007,0,0,5,15000
15,154,30000,2018,0,1,8,15000
2,155,300000,2000,0,1,6,15000
2,49,148500,2004,0,0,4,15000
0,156,183000,2008,0,2,5,15000
2,157,214000,2005,0,2,4,15000
10,158,210000,2002,1,2,11,15000
2,49,211,2004,0,0,4,15000
2,159,117000,2011,0,0,5,15000
1,160,107,2001,0,2,7,15000
10,161,104000,2015,0,1,8,150000
4,162,120000,1998,0,0,10,150000
16,163,162000,2008,1,2,6,150000
10,22,58000,2014,0,1,8,150000
8,164,45000,2009,0,0,22,150000
24,165,73000,2017,1,1,10,150000
2,49,280000,2004,0,1,5,15300
31,124,170000,2012,1,0,6,15300
2,49,280000,2004,0,0,5,15300
32,166,200,2009,0,1,4,15500
0,0,202000,2007,0,0,5,15500
8,137,450000,1996,0,1,20,15500
14,167,300000,1997,0,2,8,15500
20,168,175000,2005,0,2,5,15500
30,169,230000,2005,0,2,6,15500
7,170,165000,2009,0,1,22,155000
30,171,0,2007,0,2,4,15800
3,172,240000,2002,1,0,7,15800
0,173,176,2006,0,0,7,15800
10,174,37000,2013,0,1,10,158000
9,87,270,2006,1,0,8,16000
16,175,177500,2009,1,2,7,16000
3,48,98000,2010,0,2,4,16000
5,176,200000,2008,0,0,5,16000
13,177,3000000,2000,0,0,9,16000
3,21,155,2008,0,0,5,16000
5,100,197000,2001,0,0,5,16000
5,178,14000,2018,1,2,4,16000
3,134,153000,2007,0,2,5,16000
12,179,3630000,2002,0,0,5,16000
33,180,3900,2018,0,0,4,16000
3,55,190,2008,0,2,5,16000
12,181,200000,2002,0,2,4,16000
16,106,220000,2006,1,2,6,16000
3,55,190,2008,0,2,5,16000
16,106,199000,2006,0,2,4,16000
23,182,300,1999,1,0,11,16000
2,183,330000,1999,1,0,5,16400
3,9,145000,2014,1,2,5,16500
9,106,178000,2005,0,0,4,16500
20,168,160000,2008,0,0,5,16500
2,184,122000,2007,0,2,5,16500
16,185,220000,2010,1,2,6,16500
5,5,222132,2006,1,0,6,16500
5,186,175000,2004,0,2,5,16500
2,157,156000,2004,0,2,4,16500
2,155,80000,2000,0,0,5,16500
0,109,330000,2009,1,2,5,16500
5,187,234000,2004,0,2,7,16500
2,184,122000,2007,0,2,5,16500
16,188,160000,2008,1,2,7,16500
5,189,131000,2008,0,2,6,16500
5,190,230000,2010,0,2,6,16500
2,191,187000,2000,0,2,7,16500
21,192,100000,2012,1,1,16,165000
13,193,105000,2013,1,1,11,165000
10,194,105000,2013,1,1,11,165000
13,76,29000,2016,0,1,8,165000
20,195,32900,2016,0,1,22,165000
20,196,59550,2017,0,2,12,16562
9,87,173500,2009,1,0,7,16600
20,168,220000,2007,0,2,5,16700
2,197,179000,2007,0,2,4,16800
3,198,165000,2011,0,0,5,16800
2,199,199,2018,0,2,5,16800
0,200,174112,2016,0,2,4,17000
5,100,190000,2005,0,0,4,17000
20,201,140000,2004,1,1,5,17000
0,109,50000,2008,1,0,6,17000
20,66,355000,2005,1,2,10,17000
5,202,134800,2009,0,2,6,17000
0,203,0,2006,1,2,5,17000
28,204,30000,2018,0,2,4,17000
2,205,226000,2006,0,2,4,17000
0,109,261000,2004,0,2,5,17000
5,122,48000,2018,0,0,6,17000
3,206,197000,2013,1,2,5,17000
5,207,80000,2015,0,2,5,17000
0,103,218000,2009,0,2,5,17000
5,122,48000,2018,0,0,6,17000
5,208,100000,2011,0,0,5,17000
2,155,115000,2000,0,0,5,17000
2,209,3000,2002,0,2,10,17000
5,57,190,2009,1,0,6,17000
16,86,69000,2017,1,2,6,17000
30,153,229000,2009,0,2,6,17000
20,210,35000,2008,1,2,8,17000
22,211,300,1998,1,0,7,17000
14,78,25000,2017,0,1,10,170000
14,212,30000,2017,0,1,10,170000
22,88,72000,2016,0,1,15,170000
0,109,310000,2008,1,2,6,17200
13,76,231000,1994,1,1,8,17200
3,213,130000,2011,0,2,5,17200
0,214,240000,2007,0,2,6,17300
30,215,220,2007,0,2,5,17300
33,180,200000,2011,0,0,5,17500
5,35,205000,2008,1,1,7,17500
34,216,250000,1998,1,0,10,17500
5,5,360000,2007,1,2,6,17500
13,217,200000,1997,1,0,7,17500
0,109,14800,2006,1,0,5,17500
12,179,233000,2001,0,2,5,17500
12,179,233000,2001,0,2,5,17500
32,218,153000,2010,0,0,6,17500
9,106,127000,2006,0,1,6,17500
2,219,23500,2018,0,1,8,175000
2,2,23500,2018,0,1,8,175000
7,220,39000,2016,0,1,10,175000
0,103,1990,2010,0,2,5,17600
0,173,162000,1996,0,0,9,17800
20,168,172000,2008,0,0,5,17800
5,221,134000,2009,0,2,4,17800
2,2,5671,2018,0,1,8,178000
2,222,5671,2018,0,1,8,178000
5,223,282000,2008,1,0,5,17900
3,198,160000,2009,0,0,5,17900
35,224,100,2001,0,0,5,1800
33,180,3700,2018,0,0,3,18000
2,225,280000,1999,1,2,7,18000
31,226,220000,2013,1,2,6,18000
2,227,166,2007,0,0,4,18000
28,228,267000,2004,1,1,10,18000
33,180,3900,2018,0,1,4,18000
20,66,111111,2008,1,0,10,18000
9,229,196000,2012,1,0,6,18000
18,230,35000,2017,0,0,4,18000
2,157,160200,2007,0,2,4,18000
2,231,400000,1999,0,2,8,18000
20,168,95000,2016,0,0,5,18000
9,106,131500,2007,0,0,4,18000
8,232,180000,1997,0,0,10,18000
36,233,135000,2003,0,2,7,18000
0,156,141000,2007,0,2,5,18000
3,9,150000,2016,1,2,5,18000
16,234,200000,2010,1,2,5,18000
36,235,135000,2003,0,2,7,18000
5,208,88000,2011,0,2,6,18000
2,236,274000,2002,0,2,7,18000
5,186,191,2011,1,0,4,18000
5,237,85000,2009,0,0,5,18000
5,100,160000,2006,0,1,5,18000
2,238,280000,1999,1,1,7,18000
31,124,175000,2012,1,0,6,18000
10,22,13000,2018,0,1,8,180000
19,239,92000,2011,0,1,21,180000
21,240,125000,2016,0,1,15,180000
5,100,156000,2006,0,0,4,18200
0,241,239000,2005,0,2,6,18200
16,11,322000,2005,1,2,5,18200
9,106,167,2007,0,0,4,18300
9,11,322000,2005,1,0,5,18300
9,106,170000,2006,0,1,4,18300
0,103,175000,2010,0,0,5,18400
13,242,220000,2001,0,1,11,18500
2,227,210000,2007,0,0,4,18500
5,5,98000,2009,1,2,4,18500
2,243,105000,2006,0,2,5,18500
7,244,315,2000,0,2,10,18500
32,218,118,2010,0,0,6,18500
2,157,232000,2009,0,2,5,18500
3,9,170000,2014,1,0,5,18500
3,198,133000,2010,0,0,5,18500
0,103,340,2010,0,1,5,18500
3,21,170,2013,0,0,4,18500
0,214,280000,2005,0,2,6,18500
0,103,180456,2011,0,0,5,18500
9,229,157000,2009,1,0,6,18500
18,245,29000,2015,1,2,11,185000
10,246,0,2018,0,1,9,185000
7,247,18000,2017,0,1,15,185000
0,0,224000,2006,1,2,4,18700
20,168,150000,2008,0,0,5,18900
32,166,123000,2009,0,1,4,18900
2,248,154000,2008,0,2,4,18900
2,227,154000,2008,0,0,4,18900
0,249,159000,2009,1,2,6,18900
0,0,245000,2002,0,2,4,19000
2,250,166000,2006,0,2,4,19000
5,251,288000,2004,0,0,5,19000
20,168,180,2008,0,0,5,19000
2,252,193,2001,1,0,6,19000
5,5,170000,2006,1,1,6,19000
9,87,260,2011,1,0,6,19000
3,253,113000,2007,0,2,5,19000
13,135,360,1997,1,1,9,19000
3,198,196,2009,0,0,5,19000
0,109,240,2008,0,1,7,19000
21,254,85000,2014,1,1,32,190000
3,9,160000,2015,1,0,5,19100
16,255,120000,2014,0,2,5,19200
20,196,122000,2009,0,0,5,19200
5,176,100,2008,0,0,5,19200
2,256,160000,2008,0,2,5,19200
2,252,308000,1999,1,2,6,19400
14,257,290000,2004,1,1,7,19500
3,198,1540,2012,0,2,4,19500
3,198,1540,2012,0,2,4,19500
5,208,220000,2009,1,0,6,19500
16,258,90000,2010,0,2,5,19500
36,259,145000,2014,0,2,4,19500
0,0,198200,2005,0,2,4,19500
2,157,140000,2007,0,2,5,19500
19,260,120000,2012,0,1,21,195000
7,261,13000,2018,0,1,8,195000
3,198,160000,2010,0,2,5,19700
0,0,170000,2006,0,0,5,19800
21,45,40000,2016,0,1,15,198000
10,262,48992,2015,1,1,9,198000
14,263,20900,2017,0,1,10,198000
0,0,130,2007,0,0,7,19850
20,264,101000,2014,0,2,5,19900
5,186,103000,2008,0,2,4,19900
31,124,24000,2017,0,0,5,19900
37,266,1,2018,0,0,600,2000
5,267,246000,2005,1,0,7,20000
0,0,1000,2015,0,0,5,20000
32,268,123500,2013,0,1,12,20000
0,103,160000,2010,0,0,5,20000
3,198,190000,2008,0,0,5,20000
31,269,168000,2012,1,2,6,20000
0,270,80000,2011,1,0,5,20000
9,11,216000,2009,0,0,6,20000
10,271,317000,1998,0,2,12,20000
9,11,148,2007,0,0,7,20000
0,272,220000,2007,1,2,6,20000
2,227,150000,2008,0,0,5,20000
15,273,205000,2002,1,2,8,20000
2,227,150000,2008,0,0,5,20000
16,274,120000,2013,0,2,5,20000
14,275,270000,2002,0,0,7,20000
18,276,157000,2007,0,2,4,20000
0,103,146000,2010,0,0,5,20000
0,103,180000,2009,0,0,5,20000
18,230,210000,2008,0,0,4,20000
5,100,100,2007,0,0,5,20000
33,277,287000,2007,1,2,6,20000
9,278,85000,2001,0,1,5,20000
10,279,200000,1997,1,2,9,20000
2,227,120000,2008,0,0,4,20000
0,0,246000,2009,0,0,4,20000
38,280,340000,2014,1,2,8,20000
9,106,250,2010,1,1,6,20000
16,281,317000,2008,1,2,7,20000
0,109,252000,2007,1,0,5,20000
16,11,216000,2009,0,2,6,20000
38,280,295,2014,0,2,8,20000
5,186,60000,2012,0,0,5,20000
2,282,451345,2008,1,2,8,20000
10,283,58800,2016,1,1,7,200000
25,284,100000,2010,0,1,29,200000
25,285,100000,2010,0,2,4,200000
14,286,12000,2017,1,0,12,200000
19,287,101000,2011,0,1,20,200000
2,265,275000,2011,1,0,8,20500
5,186,120000,2010,0,2,4,20500
16,86,202000,2010,1,2,6,20500
2,288,170,2005,1,0,6,20500
16,34,202000,2010,1,2,6,20500
5,289,120,2015,1,0,6,20500
20,196,180000,2009,0,0,5,20500
2,282,220000,2008,1,0,8,20500
5,5,98000,2010,1,2,4,20500
2,290,204000,2009,0,2,4,20500
5,291,200000,2010,1,2,6,20700
31,292,93000,2014,1,2,6,20700
9,11,259,2008,1,0,5,20800
3,198,122,2012,0,0,4,20800
2,227,204000,2009,0,0,4,20800
30,153,127000,2013,0,2,5,20900
34,216,900,2019,1,0,9,2100
5,293,120000,1979,0,1,5,2100
9,294,220000,2002,1,0,8,21000
39,295,24000,2016,0,2,4,21000
5,296,86000,2014,0,0,5,21000
5,296,86000,2014,0,0,5,21000
0,0,160000,2009,0,0,4,21000
36,297,206771,2008,0,1,6,21000
14,275,205000,2003,0,0,7,21000
0,103,119000,2015,0,0,5,21000
16,298,180000,2011,1,2,5,21000
3,299,185000,2009,0,0,4,21000
5,207,180000,2013,0,2,5,21000
36,300,206771,2008,0,1,6,21000
5,208,145,2007,0,0,6,21000
5,296,86000,2014,0,0,5,21000
5,5,180000,2012,1,0,6,21000
14,275,206000,2002,0,0,7,21000
0,301,310,2008,1,0,5,21000
13,217,36000,2000,1,0,8,21000
0,302,210000,2008,1,2,6,21000
39,303,65000,2017,0,2,5,21000
16,304,104000,2013,1,2,6,21000
5,305,0,2005,1,2,8,21000
20,306,130,2010,0,2,6,21000
9,229,158000,2013,1,0,6,21000
16,274,110000,2016,0,2,4,21000
14,275,500000,2002,1,0,6,21000
40,307,105000,2010,0,0,4,21000
0,103,55000,2015,0,0,5,21000
16,308,81000,2015,0,2,5,21000
12,309,140000,2009,0,2,5,21000
38,280,326000,2014,1,2,8,21000
0,103,257000,2011,0,0,5,21000
5,296,95000,2014,0,1,5,21000
5,5,218000,2007,0,1,9,21000
5,5,294000,2005,1,2,8,21000
5,100,100,2010,0,1,5,21000
5,310,200,2010,0,2,6,21000
3,311,122000,2012,0,2,4,21000
16,11,166000,2007,0,2,6,21000
5,296,86000,2014,0,0,5,21000
5,312,150000,2014,0,2,5,21000
5,100,120,2011,0,0,4,21000
10,313,18200,2016,1,1,8,210000
7,314,0,2019,0,1,8,210000
7,315,18000,2017,0,1,15,210000
5,316,140000,2008,0,2,6,21200
32,218,158000,2010,0,1,6,21300
12,317,190000,2006,0,2,5,21500
16,274,194000,2013,0,2,5,21500
2,157,112000,2010,0,2,4,21500
9,11,230,2008,0,1,6,21500
9,11,179000,2088,0,0,7,21500
3,198,120,2012,0,0,5,21500
0,109,153000,2008,0,1,7,21500
23,318,110,2013,0,2,5,21500
9,229,116000,2014,1,0,6,21500
32,218,167000,2010,0,0,6,21500
3,198,170000,2009,0,0,5,21500
30,153,154000,2013,0,0,5,21500
0,319,210,2010,1,2,6,21500
10,320,40000,2016,1,1,10,215000
14,321,0,2018,0,1,10,215000
9,145,220000,2008,1,1,6,21800
0,103,99000,2011,0,0,5,21800
5,57,207000,2011,1,1,5,21800
5,57,207000,2011,1,1,5,21850
20,196,121000,2009,0,0,5,21900
16,322,73000,2015,0,2,5,21900
0,103,190,2012,0,1,5,22000
28,323,153660,2013,0,2,4,22000
0,0,130000,2009,0,0,5,22000
5,289,143179,2014,1,0,6,22000
3,299,79000,2009,0,2,4,22000
10,324,0,1998,0,2,11,22000
2,159,150000,2012,0,0,5,22000
3,299,50000,2011,0,2,4,22000
2,325,250000,2007,1,2,6,22000
20,168,160000,2010,0,0,5,22000
5,186,83000,2012,0,0,5,22000
12,24,164500,2011,0,0,5,22000
5,5,295000,2006,1,1,6,22000
9,87,78000,2015,1,1,5,22000
3,198,129000,2009,0,2,5,22000
9,87,190000,2011,1,0,6,22000
3,198,210000,2011,0,2,5,22000
5,326,110,2010,1,2,4,22000
5,327,100000,2012,0,2,4,22000
20,168,134,2010,0,2,5,22000
0,0,198000,2010,1,2,6,22000
3,328,99000,2009,0,2,6,22000
0,109,252000,2007,1,1,5,22000
5,329,175545,2009,0,2,6,22000
0,0,155,2011,0,0,5,22000
3,198,159000,2014,1,0,4,22000
3,330,120000,2012,0,2,4,22000
5,296,93000,2014,0,0,5,22000
0,0,70000,2011,0,0,5,22000
0,0,167000,2007,0,1,4,22000
2,159,160000,2011,0,0,5,22000
0,0,150000,2008,0,0,4,22000
5,331,139000,2012,0,2,4,22000
9,11,333000,2008,1,0,5,22000
9,11,158000,2009,1,0,6,22000
5,332,230000,2008,1,2,6,22000
5,223,308000,2007,1,2,5,22000
25,333,39000,2017,0,2,16,220000
21,334,80000,2014,1,2,8,220000
8,8,289000,2003,1,0,8,22222
5,57,220000,2012,1,2,5,22400
18,335,500000,2005,1,0,10,22500
5,5,85000,2006,1,1,6,22500
20,168,150000,2012,0,0,5,22500
8,336,340,2003,1,0,7,22500
32,166,140000,2010,0,1,4,22500
0,337,162000,2010,0,2,5,22500
3,299,57000,2011,0,0,4,22500
30,153,97000,2012,0,2,5,22500
2,227,78000,2008,0,0,4,22500
5,207,146000,2013,0,2,5,22500
3,339,107500,2012,0,2,4,22500
3,299,63000,2012,0,0,4,22600
12,24,145000,2011,0,0,5,22600
9,87,170000,2012,1,0,5,22700
2,159,100200,2011,0,0,5,22800
16,340,140000,2014,1,2,6,22800
9,106,98000,2010,0,0,5,22800
24,218,94000,2010,0,2,6,22800
5,186,76600,2012,0,0,4,22900
5,293,124000,1979,0,1,5,2300
2,70,100000,1979,1,0,6,2300
2,159,165000,2011,0,0,4,23000
3,198,125000,2009,0,2,5,23000
0,103,132,2010,0,0,5,23000
5,208,170000,2008,0,0,6,23000
16,145,190000,2007,0,2,9,23000
18,341,213000,2008,0,2,4,23000
10,342,345000,2009,1,2,7,23000
2,159,170000,2016,0,0,5,23000
16,274,96000,2016,0,2,4,23000
5,343,97000,2014,0,2,5,23000
12,179,260000,2007,0,0,5,23000
36,344,530000,1999,1,2,11,23000
0,103,145000,2009,0,2,5,23000
23,345,236000,2003,1,1,11,23000
5,346,154000,2007,0,2,6,23000
20,168,151000,2010,0,1,5,23000
5,208,176000,2010,0,0,6,23000
2,159,160000,2012,0,0,5,23000
36,347,120000,2014,0,2,4,23000
0,348,100000,2009,1,2,6,23000
20,349,49500,2017,0,2,6,23000
5,350,300000,2006,1,2,6,23000
9,145,190000,2007,0,1,9,23000
5,351,66000,2010,0,2,4,23000
3,299,110000,2012,0,0,4,23000
5,352,120000,2008,0,0,6,23000
0,0,100,2007,0,0,5,23000
5,296,83000,2015,0,0,5,23000
20,306,49000,2017,0,1,6,23000
20,306,50000,2017,0,2,6,23000
0,103,142000,2014,0,0,5,23000
5,352,120000,2008,0,0,6,23000
5,57,220000,2012,1,0,6,23000
0,353,104000,2010,0,2,4,23000
7,354,291000,2004,0,2,7,23000
18,355,564000,2014,1,0,6,23000
2,227,100,2015,0,0,5,23000
0,0,240000,2009,0,0,4,23000
5,186,119000,2010,0,0,4,23000
3,21,116700,2012,0,1,5,23000
16,86,150000,2012,1,2,5,23000
20,356,49500,2017,0,2,6,23000
0,357,167000,2010,0,2,5,23000
5,5,150000,2009,0,0,6,23000
5,100,100,2012,0,0,5,23000
5,100,111000,2008,0,0,6,23000
5,57,235000,2012,1,2,6,23000
19,358,85000,2010,0,1,30,230000
5,186,80000,2012,0,0,4,23480
2,159,145000,2010,0,0,4,23500
20,359,108000,2010,0,2,5,23500
5,57,256000,2012,1,0,6,23500
9,145,235410,2008,1,0,6,23500
18,230,103000,2010,0,0,4,23500
16,360,119000,2014,0,2,5,23500
5,207,81000,2015,0,2,5,23500
3,198,104000,2014,0,2,4,23500
5,208,193000,2012,0,2,5,23500
16,361,62000,2015,0,2,5,23500
3,198,99000,2014,0,0,4,23500
20,362,90000,2014,0,0,4,23500
30,363,62500,2012,0,2,5,23500
16,364,120000,2015,0,2,4,23500
3,198,119000,2012,0,2,5,23500
24,365,165400,2010,0,2,6,23500
2,366,108000,2010,0,2,4,23500
5,186,153000,2012,0,1,4,23500
0,109,212000,2009,1,2,5,23500
16,274,91000,2015,0,2,5,23500
36,259,55000,2014,0,2,4,23500
20,367,150000,2010,0,2,5,23600
18,230,162500,2009,0,0,4,23700
30,153,66000,2014,0,0,5,23800
5,368,116000,2014,0,2,5,23800
20,369,182000,2012,0,2,5,23800
19,370,85000,2012,0,1,20,238000
30,371,193000,2011,0,2,7,23900
28,372,92000,2013,0,2,4,23900
24,373,90000,2010,0,2,4,24000
16,274,100000,2014,0,2,5,24000
2,159,78000,2013,0,0,5,24000
0,103,129000,2010,0,0,5,24000
16,374,79500,2015,0,2,5,24000
36,375,220000,2003,1,2,9,24000
2,146,92000,2010,0,2,4,24000
28,376,76525,2014,0,2,4,24000
7,15,224500,2003,0,2,7,24000
0,109,195000,2010,1,2,5,24000
2,159,140000,2010,0,0,5,24000
0,0,147600,2010,0,0,4,24000
20,168,200000,2010,0,1,5,24000
16,377,85000,2014,0,2,5,24000
16,378,89000,2014,1,2,5,24000
16,378,113789,2015,1,2,6,24000
16,322,79500,2015,0,2,5,24000
8,8,300000,2005,0,1,7,24000
31,292,92000,2013,1,2,6,24000
13,217,140,2007,0,1,9,24000
0,103,82000,2010,0,0,5,24000
30,379,183000,2010,0,0,7,24000
16,229,144000,2015,1,2,6,24000
2,288,150000,2010,1,0,6,24000
0,103,54000,2014,0,0,5,24000
0,380,319000,2008,1,2,6,24000
0,103,54000,2014,0,0,5,24000
0,103,150000,2014,0,1,5,24000
2,381,180000,2009,0,1,9,24000
20,382,195000,2010,0,2,8,24000
0,109,150000,2009,0,2,7,24000
32,218,199500,2011,0,0,6,24000
3,198,79000,2015,0,0,4,24000
2,159,112000,2012,0,0,5,24000
30,383,185000,2010,0,2,7,24000
30,153,180000,2011,0,2,5,24000
34,216,122000,2015,1,0,8,24000
2,159,118000,2010,0,0,5,24000
5,100,66000,2010,0,0,5,24000
3,384,120000,2003,0,0,8,24000
0,353,149480,2010,0,2,4,24000
13,385,375000,2008,1,0,7,24000
16,386,320000,2009,1,2,7,24000
9,229,113478,2015,1,1,6,24000
8,8,167890,2000,0,1,9,24000
16,274,108000,2014,0,2,4,24000
16,86,230000,2014,1,2,5,24000
19,387,57000,2015,0,1,32,240000
0,103,93320,2015,0,0,5,24200
20,388,133000,2011,0,2,5,24200
3,389,120700,2012,0,2,4,24300
2,159,200000,2010,1,0,5,24500
2,16,79500,2010,0,2,4,24500
20,168,177000,2010,0,2,5,24500
5,5,170,2006,1,2,6,24500
5,352,180000,2008,0,0,6,24500
3,9,92000,2016,1,0,5,24500
32,218,138000,2011,0,0,5,24500
8,390,200,2004,0,0,16,24500
3,21,130000,2012,0,0,5,24500
12,391,200000,2009,0,2,5,24500
0,270,225000,2011,1,0,7,24500
20,392,194122,2010,0,2,6,24500
5,208,87000,2011,0,2,5,24500
20,369,119,2010,0,2,5,24500
14,393,294,2005,1,2,6,24500
3,198,100000,2014,0,0,4,24600
2,394,147000,2012,0,2,5,24700
32,166,110000,2012,0,0,4,24800
0,103,93000,2015,0,0,5,24800
2,16,11111,2001,0,0,4,2500
3,299,100000,2015,0,2,4,25000
0,395,84000,2012,0,0,4,25000
2,159,160000,2013,0,0,5,25000
42,396,177,2010,0,2,5,25000
10,397,160000,2006,0,2,7,25000
2,159,128000,2014,0,0,5,25000
3,198,120000,2015,0,0,4,25000
13,242,271538,2019,1,0,8,25000
0,353,167000,2011,0,2,4,25000
3,9,90000,2016,1,2,5,25000
2,398,470000,2008,1,1,10,25000
20,168,98000,2011,0,2,5,25000
0,270,222000,2011,1,0,7,25000
2,288,190000,2008,0,1,12,25000
3,399,100000,2015,0,2,4,25000
20,306,203000,2010,0,0,6,25000
9,281,283000,2012,1,0,7,25000
14,275,197000,2004,1,0,7,25000
12,400,340000,2003,1,1,8,25000
5,401,102700,2014,0,2,5,25000
12,179,190000,2008,1,0,5,25000
5,402,165000,2010,1,2,4,25000
16,403,148000,2008,0,2,6,25000
0,404,210,2012,1,2,6,25000
3,405,160000,2012,0,2,4,25000
2,406,152000,2011,1,2,5,25000
16,274,102000,2015,0,2,5,25000
0,0,60000,2017,0,0,5,25000
3,339,85000,2013,0,2,4,25000
3,198,54000,2014,0,2,5,25000
16,407,198000,2008,1,2,6,25000
33,408,168000,2011,0,2,5,25000
13,409,182000,2003,0,0,12,25000
13,51,245000,2000,1,0,7,25000
2,159,170000,2010,0,0,5,25000
5,410,75000,2010,0,2,6,25000
5,208,139500,2011,0,0,5,25000
3,198,125000,2015,0,0,4,25000
0,411,123000,2007,1,2,7,25000
2,159,170,2016,0,0,5,25000
0,0,145000,2009,0,0,5,25000
18,412,193000,1999,0,0,11,25000
2,159,124000,2012,0,0,4,25000
9,145,136000,2011,0,1,7,25000
0,103,120000,2016,0,0,5,25000
38,413,105000,2014,1,2,8,25000
5,208,253000,2011,1,2,4,25000
29,414,25000,2017,1,0,16,25000
5,208,37000,2012,0,0,6,25000
5,296,90000,2015,0,0,5,25000
2,159,180000,2012,0,0,5,25000
31,118,21717,2017,1,0,6,25000
0,0,92000,2010,0,0,4,25000
9,281,283000,2012,1,0,7,25000
43,415,2500,2017,0,1,18,250000
13,416,10000,2016,0,0,19,250000
32,218,140000,2011,0,1,6,25200
2,159,110000,2012,0,0,5,25200
2,159,155000,2012,0,0,5,25200
2,417,180000,2010,0,2,5,25200
2,159,190000,2012,0,0,5,25300
9,87,120000,2014,1,0,5,25300
23,418,93000,2015,0,1,5,25400
2,159,130000,2014,0,0,5,25500
2,265,203000,2012,1,2,5,25500
0,103,85500,2015,0,0,5,25500
2,159,107500,2011,0,0,4,25500
33,180,90000,2014,0,2,5,25500
2,157,124000,2013,0,2,5,25500
0,103,98,2015,0,0,5,25500
16,419,100000,2015,0,2,5,25500
0,420,123000,2011,0,1,7,25500
0,421,148000,2010,0,2,7,25500
20,168,180000,2011,0,0,5,25500
2,422,340,2008,1,2,6,25500
3,339,55000,2014,0,2,4,25500
5,208,163000,2012,0,0,5,25500
16,274,143,2015,0,2,4,25500
36,259,60000,2015,0,2,4,25800
2,252,223000,2008,1,2,6,25800
36,423,34000,2014,0,2,4,25800
12,179,230000,2009,0,2,5,25800
0,103,88120,2015,0,0,5,25800
2,424,190000,2008,0,2,7,25800
36,259,81000,2014,0,2,4,25900
31,118,73770,2015,0,2,5,25900
12,425,100000,2014,0,2,48,26
0,395,35000,2015,0,2,4,26000
2,426,107000,2019,0,2,4,26000
2,288,150000,2009,0,0,5,26000
31,118,110000,2014,0,2,5,26000
0,103,76000,2015,0,0,5,26000
0,103,101,2014,0,0,5,26000
2,427,75000,2010,0,2,5,26000
5,289,91000,2015,1,2,6,26000
9,87,107000,2013,1,1,5,26000
0,109,150000,2011,1,2,5,26000
13,27,248000,2003,1,1,9,26000
44,428,6000,2019,0,1,7,26000
2,159,130,2013,0,0,5,26000
16,86,70600,2013,1,2,5,26000
2,429,38000,2008,0,2,5,26000
3,198,68000,2013,0,0,4,26000
5,296,95000,2012,0,0,5,26000
0,0,107837,2012,0,2,5,26000
45,428,6000,2019,0,1,7,26000
16,430,158000,2012,1,2,5,26000
5,5,153000,2008,0,0,9,26000
14,275,240000,2004,1,1,7,26000
3,431,150000,2009,0,0,4,26000
2,432,195,2008,0,2,5,26000
2,433,180000,2009,0,1,9,26000
2,288,150000,2009,0,0,5,26000
0,434,250000,2010,1,2,6,26000
3,435,95,2016,0,2,4,26000
2,436,235000,2005,0,2,7,26000
3,198,160000,2012,0,0,4,26000
16,437,280000,2010,1,2,7,26000
20,168,96000,2011,0,0,5,26000
30,153,62000,2017,1,0,5,26000
5,438,108,2014,0,2,5,26000
2,159,100,2012,0,0,5,26000
0,103,103000,2014,0,0,5,26000
10,439,20000,2017,0,1,10,260000
19,440,83000,2015,1,1,16,260000
14,441,7000,2017,0,1,20,260000
0,123,140000,2010,0,2,7,26300
16,274,106000,2015,0,2,5,26500
5,35,179000,2008,1,0,7,26500
20,306,122000,2011,0,0,6,26500
18,442,120,2013,0,2,6,26500
21,443,1000,1990,1,2,8,26500
5,444,71000,2014,0,2,5,26500
5,445,140000,2014,1,2,5,26500
23,446,350000,1994,1,2,11,26500
20,447,119000,2009,0,2,5,26500
2,448,150,2012,0,1,9,26500
3,431,148,2010,0,0,4,26500
33,180,92300,2015,0,0,5,26500
20,168,119000,2009,0,0,5,26500
3,198,29945,2014,0,0,4,26500
3,449,61000,2014,0,2,4,26500
5,207,103000,2013,0,2,5,26600
0,103,99000,2016,0,0,5,26600
2,450,200000,2006,1,2,6,26700
20,168,108000,2010,0,2,5,26800
2,157,106000,2011,0,2,5,26800
5,208,85000,2008,1,0,5,26800
0,103,44000,2011,0,0,5,26800
3,431,152000,2009,0,0,4,26800
31,118,110000,2015,0,0,5,26800
0,103,34123,2016,0,0,5,26800
23,418,19000,2015,0,2,5,26800
12,179,200000,2012,0,0,6,26800
23,418,52000,2013,0,2,5,26800
20,362,57000,2014,0,0,4,26800
5,451,68000,2013,0,2,5,26900
0,0,100000,2013,0,0,5,26900
33,180,107000,2014,0,0,5,26900
24,218,142000,2012,0,2,5,26900
2,288,198000,2007,0,1,12,26900
0,420,184000,2012,0,1,7,26900
10,452,22346,2017,1,1,10,269000
13,27,22346,2017,1,0,10,269000
0,453,400,1986,0,0,6,2700
28,372,58000,2016,0,2,4,27000
13,409,182000,2003,0,0,12,27000
24,454,98000,2012,0,1,5,27000
2,265,126000,2014,1,0,5,27000
10,455,96000,2005,0,1,6,27000
10,119,218000,2003,0,1,9,27000
2,265,170000,2014,1,0,5,27000
20,382,140000,2011,0,0,8,27000
12,456,129000,2008,1,2,5,27000
0,457,61000,2016,0,2,5,27000
12,458,360000,2010,1,2,6,27000
31,118,110000,2013,0,0,5,27000
5,57,159000,2007,1,0,8,27000
0,0,112000,2011,0,0,5,27000
28,459,144000,2012,0,2,6,27000
5,289,130000,2015,1,0,6,27000
24,460,211000,2012,0,2,5,27000
24,461,162000,2011,0,2,7,27000
24,462,162000,2011,0,2,7,27000
20,447,85000,2011,0,2,5,27000
3,198,45000,2014,0,0,4,27000
5,122,130000,2015,0,0,5,27000
12,463,81000,2014,0,2,5,27000
20,168,118000,2009,0,0,5,27000
5,208,80000,2009,1,0,5,27000
0,464,190000,2012,0,0,7,27000
2,465,213000,2010,0,2,5,27000
8,232,166557,2010,1,1,5,27000
33,180,68000,2013,0,2,5,27000
20,168,60000,2015,0,2,4,27000
0,109,225000,2010,1,0,6,27000
2,466,160000,2010,1,0,6,27000
20,467,96000,2011,0,2,5,27000
16,106,48000,2013,0,2,4,27000
0,103,120,2016,0,0,5,27000
17,468,11700,2017,0,2,4,27000
32,166,99000,2013,0,1,5,27000
20,469,82736,2010,0,2,5,27000
10,470,31000,2017,1,1,11,270000
16,471,155000,2010,1,2,6,27400
2,472,100000,2014,0,2,4,27500
2,473,91130,2014,0,2,4,27500
36,259,24000,2015,0,2,4,27500
2,466,219000,2010,1,2,6,27500
0,474,210000,2012,1,1,6,27500
20,382,144000,2010,0,1,8,27500
28,475,87000,2015,0,2,5,27500
2,252,201000,2008,1,0,6,27500
20,382,144000,2010,0,2,8,27500
13,27,116500,1997,0,0,9,27500
0,476,45000,2012,0,2,5,27500
0,103,56000,2016,0,0,5,27500
2,477,121000,2014,0,2,4,27500
16,274,81450,2014,0,2,5,27500
17,478,235000,2006,0,1,13,27500
2,479,150000,2008,0,2,7,27500
20,480,193000,2009,0,2,6,27500
5,481,83000,2013,0,2,5,27550
33,180,81000,2011,0,0,5,27800
0,482,82000,2011,0,2,5,27800
13,27,29000,2017,0,0,10,278000
21,483,0,2018,1,1,8,278000
22,88,1,2018,1,1,8,278000
24,166,85000,2014,0,2,4,27900
3,431,125000,2012,0,1,4,27900
33,180,86000,2011,0,2,5,27900
46,484,113000,2016,0,2,4,27900
3,485,125000,2012,0,1,4,27900
16,11,190,2012,0,2,5,28000
5,352,108,2009,1,1,6,28000
5,5,285000,2008,1,2,6,28000
2,288,20000,2005,1,0,6,28000
0,109,135000,2010,1,2,6,28000
47,18,191,2012,0,1,5,28000
2,466,60000,2014,0,0,5,28000
2,157,129000,2014,0,2,4,28000
5,207,98000,2015,0,2,5,28000
36,486,100,2008,1,2,10,28000
5,352,213000,2012,0,0,7,28000
3,21,62000,2016,0,0,4,28000
2,466,200000,2011,1,0,6,28000
13,27,258000,2002,1,1,11,28000
0,487,230000,2011,1,2,5,28000
5,352,150000,2012,0,0,6,28000
18,488,123,2014,0,1,6,28000
5,489,168000,2009,0,2,7,28000
0,103,77400,2016,0,0,5,28000
5,122,73000,2013,0,1,5,28000
20,490,70000,2014,0,2,4,28000
16,274,26000,2016,0,2,4,28000
5,223,215,2010,1,0,7,28000
4,491,200,2011,0,0,5,28000
5,492,160000,2011,0,0,5,28000
37,266,100000,2006,1,0,8,28000
16,493,57000,2015,0,2,5,28000
16,145,150000,2012,0,1,9,28000
2,159,90000,2014,0,0,5,28000
2,252,250000,2008,1,0,6,28000
5,122,105,2013,0,0,4,28000
16,86,80000,2013,1,2,5,28000
31,494,91000,2015,0,2,5,28000
36,495,260000,2008,1,2,10,28000
12,496,270000,2010,1,2,6,28000
23,418,35000,2014,0,1,5,28000
24,218,121000,2012,0,2,5,28000
2,497,240000,2008,0,2,5,28000
23,498,370000,2007,1,2,8,28000
28,459,144000,2012,0,1,6,28000
16,499,59000,2015,0,2,5,28000
36,495,260000,2008,1,2,10,28000
12,24,141000,2012,0,0,5,28000
2,500,200000,2014,1,2,5,28000
5,122,143000,2014,0,1,5,28000
12,179,5000,2009,1,0,6,28000
3,299,40000,2014,0,0,4,28200
32,166,93000,2014,0,1,4,28200
33,180,77500,2015,0,2,5,28300
3,431,115000,2013,0,2,4,28400
3,431,115000,2013,0,0,4,28400
16,145,200000,2011,1,2,6,28500
24,166,86000,2013,0,1,5,28500
3,501,67000,2016,0,2,4,28500
18,502,90000,2014,0,0,6,28500
18,503,90000,2014,0,2,6,28500
20,504,75000,2014,0,2,5,28500
32,166,85000,2013,0,1,5,28500
33,180,101000,2013,0,2,5,28500
5,505,53000,2014,0,2,5,28500
2,252,206000,2008,1,2,6,28500
0,109,143000,2010,1,2,6,28500
5,352,110000,2012,0,0,6,28500
2,265,132000,2014,1,0,5,28500
0,109,189000,2011,1,0,5,28500
5,506,76000,2013,0,2,5,28500
16,507,156000,2010,0,2,5,28500
5,207,117000,2013,0,2,5,28500
0,103,110000,2014,0,0,5,28500
9,508,140000,2012,0,1,5,28500
16,509,128000,2015,1,2,5,28500
0,510,180000,2013,0,2,7,28500
0,464,250,2011,1,0,6,28500
16,511,139000,2014,0,1,5,28600
9,87,180,2015,1,0,5,28700
2,512,130000,2013,0,2,5,28700
28,513,51500,2014,0,2,4,28750
23,418,29000,2013,0,0,5,28800
15,514,180000,2010,1,2,6,28800
3,515,32000,2015,0,2,4,28800
9,508,143000,2011,0,0,5,28900
5,57,122000,2015,1,2,5,28900
5,516,63800,2014,0,2,5,28900
0,103,48120,2016,0,0,5,28900
10,53,177000,1993,0,2,9,28900
3,198,82000,2016,0,0,4,28900
2,159,85861,2013,0,0,5,29000
0,464,125000,2012,0,1,7,29000
12,24,58800,2015,0,2,5,29000
16,517,72531,2014,0,2,7,29000
12,179,200000,2012,0,2,6,29000
3,518,33000,2017,1,2,5,29000
0,519,110000,2014,0,2,5,29000
16,520,167000,2010,0,1,9,29000
5,122,125500,2013,0,2,5,29000
0,103,90000,2016,0,0,5,29000
2,252,287000,2008,1,2,8,29000
2,252,230,2007,1,2,6,29000
5,122,125200,2013,0,0,5,29000
23,521,175000,2015,0,2,6,29000
0,522,235000,2010,1,2,6,29000
14,275,250,2008,1,0,7,29000
0,523,148000,2012,1,2,5,29000
0,103,110000,2014,0,0,5,29000
2,288,150000,2008,0,0,6,29000
28,524,106000,2013,0,2,4,29000
8,232,200,2007,1,1,9,29000
13,76,265000,2002,1,1,7,29000
2,252,115000,2006,0,0,7,29000
2,159,78800,2012,0,0,5,29000
30,525,188,2012,0,0,7,29000
0,0,155,2010,0,0,5,29000
0,420,142000,2013,0,1,7,29000
16,526,96693,2009,0,2,6,29000
5,223,235,2011,1,0,7,29000
13,27,235150,2003,0,1,10,29000
2,227,87000,2015,0,0,4,29000
0,109,200000,2010,0,0,7,29000
0,103,98000,2016,0,0,5,29000
22,46,130000,2014,0,1,24,290000
16,274,74000,2015,0,2,5,29100
0,527,227,2011,1,2,6,29200
16,11,160000,2012,0,2,6,29400
43,528,330000,2006,1,1,11,29500
36,529,175000,2012,1,2,10,29500
6,530,120000,2009,0,2,5,29500
30,531,112,2012,0,2,7,29500
18,532,389000,2002,1,0,11,29500
5,208,99000,2014,1,2,4,29500
2,288,185000,2008,0,2,5,29500
5,122,124000,2015,0,2,5,29500
33,533,70,2016,0,2,4,29500
20,306,179000,2013,0,2,7,29500
31,534,58000,2015,0,2,5,29500
31,292,98000,2013,1,2,6,29500
16,535,205000,2012,0,2,6,29500
0,536,52000,2015,0,2,5,29500
2,537,200000,2011,1,2,6,29500
16,538,75000,2013,0,2,4,29500
39,539,80000,2016,0,2,6,29500
20,447,86727,2013,0,2,5,29500
0,103,73000,2015,0,0,5,29500
5,122,134500,2013,0,2,5,29500
20,540,362000,2003,1,1,8,29600
7,129,269000,2006,0,1,8,29700
9,11,135000,2013,0,0,6,29800
28,376,98000,2014,0,2,5,29800
16,541,172000,2012,0,2,6,29800
30,371,156000,2014,0,2,7,29800
5,542,101957,1994,1,2,9,29900
36,259,60000,2015,0,2,4,29900
0,103,1,2017,0,0,5,3000
2,73,77777,2018,0,0,55,3000
12,543,350000,1989,1,0,5,3000
23,544,53000,2014,0,2,4,30000
33,545,136,2011,0,2,7,30000
31,546,19800,2016,0,2,5,30000
6,18,167000,2009,0,0,5,30000
0,103,27000,2017,0,0,5,30000
5,122,65000,2017,0,1,5,30000
20,382,168000,2014,0,2,7,30000
15,547,89300,2014,0,2,5,30000
28,548,30000,2016,0,2,5,30000
20,549,1140,2003,0,1,27,30000
29,414,100000,2010,0,0,6,30000
48,550,85600,2016,1,2,7,30000
5,122,100000,2014,0,0,5,30000
37,551,510000,2011,1,2,10,30000
2,28,284,2003,1,0,12,30000
30,371,181000,2011,0,2,7,30000
30,552,127000,2014,0,2,7,30000
28,459,125000,2012,0,1,6,30000
18,230,106800,2012,0,2,5,30000
6,553,167000,2009,0,2,5,30000
5,207,57000,2015,0,2,5,30000
2,252,248000,2008,1,1,6,30000
24,166,48200,2013,0,1,5,30000
2,554,138000,2011,0,2,5,30000
16,555,102000,2015,0,2,5,30000
38,556,214000,2014,1,2,8,30000
2,557,160,2010,0,0,5,30000
2,557,160000,2012,0,0,5,30000
23,521,165000,2015,0,2,6,30000
20,168,67000,2014,0,2,5,30000
2,557,100000,2011,0,1,5,30000
23,558,105000,2015,0,2,6,30000
5,57,85000,2011,1,2,5,30000
29,559,160000,2009,0,1,11,30000
2,466,230000,2010,0,0,7,30000
2,557,110000,2010,1,0,5,30000
15,560,89000,2014,0,0,5,30000
3,561,22800,2017,1,2,5,30000
2,562,200000,2011,1,2,6,30000
5,122,90000,2012,0,0,5,30000
0,563,140000,2012,0,1,7,30000
2,252,233147,2008,1,0,6,30000
2,557,60000,2010,0,0,6,30000
0,103,36000,2015,0,2,5,30000
3,564,41000,2016,0,2,4,30000
29,565,100000,2010,0,2,6,30000
2,159,8500,2016,0,0,5,30000
42,566,99000,2009,0,2,7,30000
7,567,113000,2006,0,2,7,30000
2,159,53000,2015,0,0,5,30000
0,270,337600,2013,1,0,7,30000
18,355,427711,2015,1,2,4,30000
6,568,80000,2009,0,2,5,30000
28,569,113000,2017,0,0,5,30000
28,570,113000,2016,0,2,5,30000
5,223,201,2012,1,0,5,30000
20,571,1140,2003,0,1,27,30000
23,521,93000,2014,0,2,6,30000
6,568,163000,2008,0,2,4,30000
0,103,34000,2016,0,0,5,30000
20,490,60000,2016,0,2,4,30000
5,122,10000,2017,0,0,5,300000
21,192,64573,2014,1,1,16,300000
2,227,81000,2010,0,0,9,30500
28,572,34550,2014,0,2,5,30500
16,11,139000,2012,0,2,6,30500
0,573,100000,2011,0,2,7,30500
38,280,48000,2017,1,2,8,30500
33,574,180000,2011,1,2,5,30500
9,87,100300,2016,1,0,5,30500
6,18,155000,2011,0,0,5,30500
20,168,67000,2015,0,0,5,30500
0,0,120000,2014,1,0,4,30800
16,575,60000,2015,0,2,5,30900
6,576,133000,2010,0,2,5,30900
31,118,165000,2011,0,0,5,30900
0,577,102883,2013,0,2,5,31000
6,18,184000,2009,0,0,5,31000
20,447,80000,2013,0,2,5,31000
7,578,270000,2007,1,2,9,31000
31,124,91000,2015,0,0,5,31000
31,124,75000,2014,0,0,5,31000
2,557,151000,2010,0,0,5,31000
20,579,59500,2015,0,2,5,31000
6,6,130,2012,0,2,5,31000
5,580,64000,2012,0,2,6,31000
7,581,168000,2006,0,2,8,31000
2,265,100000,2014,1,2,5,31000
3,299,34500,2015,0,0,4,31000
8,8,190000,2008,1,0,7,31000
2,557,173,2010,0,0,7,31000
5,481,55000,2015,0,2,5,31000
3,299,34,2015,0,2,4,31000
10,22,119000,2002,1,1,10,31000
2,557,170000,2011,1,0,5,31000
2,557,70000,2010,0,0,5,31000
20,306,125000,2013,0,0,7,31000
0,109,150000,2012,0,1,9,31000
20,306,90000,2013,0,0,7,31000
2,557,150000,2008,0,0,5,31000
31,118,50000,2017,0,2,5,31000
2,252,240147,2008,1,0,6,31000
0,582,126000,2011,0,2,7,31000
24,583,71500,2015,0,2,5,31000
2,466,130000,2009,0,2,7,31000
5,57,120000,2014,1,0,5,31000
20,584,17000,2016,0,2,4,31000
0,585,160000,2012,0,1,7,31000
2,586,62000,2015,0,2,4,31200
9,508,122000,2011,0,1,6,31200
2,159,62000,2015,0,0,4,31200
0,587,107000,2013,0,2,5,31300
5,289,33000,2017,1,2,5,31500
28,588,90000,2015,0,2,5,31500
3,299,33000,2017,0,0,4,31500
3,431,86000,2012,0,0,5,31500
5,122,53000,2013,0,2,4,31500
2,157,71000,2015,0,2,4,31500
0,103,86000,2016,0,0,4,31500
28,372,107,2015,0,2,5,31500
13,27,214000,2001,1,1,7,31500
48,589,42000,2017,1,2,7,31500
28,590,74366,2016,0,2,5,31500
6,568,158000,2010,0,2,5,31500
3,431,86000,2012,0,2,4,31500
28,591,43000,2017,0,2,5,31500
2,157,107000,2014,0,2,5,31500
30,525,56000,2012,0,0,7,31500
2,252,181650,2010,0,0,7,31500
30,592,56000,2012,0,2,7,31500
0,464,160000,2012,0,0,7,31500
5,122,153000,2013,1,2,5,31500
20,382,142,2012,0,0,7,31500
13,177,270,2004,0,0,10,31500
2,593,188,2007,1,2,7,31500
24,166,25000,2016,0,1,5,31500
18,594,154000,2013,0,2,5,31500
12,179,178000,2013,0,2,6,31500
9,145,107000,2012,0,0,9,31500
34,216,620000,2003,1,0,12,31500
23,595,40000,2017,0,2,5,31500
23,596,183000,2005,1,0,10,31500
10,597,2700,2004,0,2,10,31500
7,129,259000,2006,0,1,8,31800
24,598,86000,2013,0,1,5,31800
2,557,142000,2011,0,1,5,31800
20,306,60000,2013,0,0,7,31900
30,599,109000,2013,0,2,6,32000
20,168,71000,2013,0,2,5,32000
5,600,134470,2014,0,2,4,32000
0,464,130000,2012,1,0,6,32000
3,601,115000,2011,0,2,4,32000
7,602,171000,2004,0,2,9,32000
6,568,80000,2010,0,2,5,32000
38,603,79000,2015,1,2,8,32000
5,122,63000,2016,0,0,5,32000
20,168,97000,2016,0,2,5,32000
14,604,184000,2009,1,2,5,32000
3,605,82000,2010,0,2,4,32000
4,491,112,2012,0,0,5,32000
2,606,150,2007,1,2,6,32000
2,252,218000,2006,1,1,6,32000
14,607,80000,2018,0,0,9,32000
0,0,79000,2013,0,0,5,32000
23,608,21600,2016,0,2,5,32000
2,609,101000,2015,0,2,5,32000
12,24,63500,2014,0,2,5,32000
2,159,100000,2016,0,1,5,32000
22,211,170000,2005,0,0,9,32000
32,218,67000,2012,0,1,5,32000
46,484,125000,2015,0,2,4,32000
20,610,160,2013,0,2,7,32000
15,611,180000,2010,1,0,10,32000
28,376,47000,2016,0,2,5,32000
13,217,260000,2002,1,0,9,32000
0,0,98000,2013,0,0,5,32000
10,612,340000,2002,1,2,7,32000
14,607,80000,2018,0,0,9,32000
0,103,27000,2017,0,0,5,32000
24,218,122000,2014,0,2,5,32000
2,613,185000,2008,0,2,7,32000
2,557,154000,2011,0,1,5,32000
0,420,151000,2014,0,2,7,32000
14,614,220000,2008,0,1,6,32000
20,66,256000,2005,1,0,12,32000
16,615,127000,2012,1,2,6,32000
25,616,200000,2002,0,0,10,32000
20,168,97000,2016,0,0,5,32000
0,103,108000,2015,0,0,5,32000
16,617,137500,2013,0,2,6,32000
6,568,126000,2009,0,2,5,32000
31,118,68000,2017,0,2,5,32000
46,484,120,2015,0,0,4,32000
43,618,200000,2012,1,2,7,32000
31,118,27000,2017,0,0,5,32200
31,118,27000,2017,0,0,5,32200
0,0,60000,2015,0,0,5,32500
24,619,45000,2017,0,1,5,32500
0,620,70000,2013,0,2,5,32500
0,621,92000,2001,0,1,9,32500
28,376,79000,2015,0,1,5,32500
20,148,54000,2017,0,2,5,32500
2,557,196000,2010,1,2,5,32500
2,448,80000,2010,0,1,9,32500
24,622,80000,2015,0,2,5,32500
4,491,99000,2009,0,0,7,32500
2,252,138,2009,0,0,7,32500
0,0,130000,2013,0,0,5,32500
2,623,98000,2016,0,2,5,32500
39,624,49000,2016,0,2,4,32500
5,625,90000,2012,0,2,5,32500
5,506,60000,2013,0,2,5,32500
38,280,46000,2017,1,2,8,32500
2,159,85000,2015,0,0,5,32500
32,166,38000,2014,0,1,5,32500
48,589,65000,2016,1,2,7,32500
16,145,142000,2013,0,2,9,32500
5,122,69000,2016,0,2,5,32500
24,218,72000,2014,0,2,5,32900
24,218,72000,2014,0,2,5,32900
11,99,61000,2005,0,2,4,3300
0,0,54000,2013,0,0,5,33000
20,626,71000,2013,0,2,5,33000
2,557,190000,2012,1,0,5,33000
28,627,100000,2016,0,2,5,33000
2,466,118295,2018,0,1,7,33000
2,628,210000,2006,0,2,9,33000
28,376,52000,2014,0,2,5,33000
24,629,71000,2016,0,1,5,33000
0,420,136000,2013,0,2,7,33000
3,630,90000,2013,0,1,4,33000
5,122,62500,2013,1,0,6,33000
7,631,156000,2006,0,2,9,33000
0,0,63000,2015,0,0,5,33000
2,632,195,2009,1,2,5,33000
32,218,237000,2014,0,0,5,33000
37,266,16000,2018,1,0,10,33000
33,180,16000,2016,0,2,4,33000
14,275,223,2007,1,0,7,33000
2,466,191000,2012,1,0,7,33000
0,103,34000,2016,0,2,5,33000
5,122,105000,2013,1,0,6,33000
5,542,101957,1994,1,0,9,33000
6,633,143000,2010,0,1,6,33000
31,634,152000,2012,0,2,48,33000
32,218,81000,2013,0,1,5,33000
17,635,64000,2017,0,2,5,33000
33,180,40910,2016,0,2,4,33000
28,636,78000,2015,0,0,5,33000
28,376,90400,2015,0,1,5,33000
2,557,150000,2010,0,0,5,33000
3,299,13000,2017,0,2,4,33000
5,637,70000,2014,0,2,5,33000
0,464,200,2011,0,0,7,33000
20,638,39000,2015,0,2,5,33000
2,157,98000,2014,0,2,4,33000
20,639,146000,2015,0,2,7,33000
20,168,89000,2014,0,2,5,33000
5,122,90000,2012,0,1,5,33000
23,418,40000,2017,0,0,5,33000
7,15,95000,2010,1,1,10,33000
0,103,110000,2014,0,0,5,33000
2,640,68,2015,0,2,4,33000
16,106,80000,2016,0,2,5,33200
23,182,300000,1993,1,1,11,3333
8,8,145000,2006,0,0,9,33500
5,492,150000,2012,0,1,9,33500
31,634,83000,2011,1,2,5,33500
8,8,235000,2007,1,0,8,33500
18,412,125000,2006,0,1,10,33500
24,641,10900,2013,0,1,6,33500
2,159,100000,2016,0,0,5,33500
16,642,210000,2013,0,2,6,33500
17,643,68000,2017,0,2,5,33500
15,644,145126,2014,0,2,6,33500
32,218,95000,2014,0,0,5,33500
20,168,70120,2016,0,0,5,33600
32,166,6000,2018,0,0,4,33800
16,645,76000,2012,0,2,6,33800
16,646,115,2013,1,2,5,33800
2,252,112000,2009,0,2,7,33900
20,647,104000,2013,0,2,9,34000
32,218,84000,2012,0,1,5,34000
16,648,115000,2013,0,2,6,34000
7,649,205000,2010,0,2,7,34000
3,650,123537,2012,1,2,5,34000
7,651,180000,2007,1,2,9,34000
32,218,94000,2013,0,1,5,34000
2,652,125000,2013,0,2,5,34000
2,653,22000,2014,0,2,4,34000
23,654,300000,2001,1,2,11,34000
5,655,120,2012,0,0,7,34000
2,656,240000,2010,1,1,5,34000
13,177,185000,2002,0,0,7,34000
14,657,1900000,2009,1,1,5,34000
2,658,199000,2010,1,2,5,34000
20,306,130000,2013,0,1,7,34000
2,659,171000,2011,1,2,5,34000
12,660,40000,2016,0,2,5,34000
2,661,100000,2011,0,1,9,34000
8,336,144,2006,0,0,9,34000
18,662,790000,2001,1,2,17,34000
0,0,94500,2013,0,2,5,34000
16,663,160,2013,0,2,5,34000
20,168,140000,2014,0,0,5,34000
13,142,200000,2008,0,0,6,34000
7,15,191000,2009,0,2,9,34000
15,560,23500,2014,0,0,5,34000
32,218,61000,2016,0,0,5,34000
2,159,102000,2012,0,1,5,34000
3,431,74000,2015,0,2,4,34000
33,664,30000,2016,0,0,4,34000
9,508,81000,2012,0,1,7,34000
18,594,106000,2014,0,2,5,34000
2,658,190000,2010,1,2,5,34000
8,8,191000,2009,0,1,9,34000
49,665,81000,2012,0,1,6,34000
20,382,125000,2014,0,0,7,34000
23,64,196000,2008,1,0,6,34200
13,177,230000,2002,1,0,7,34200
2,666,130000,2015,1,2,5,34500
2,557,150000,2011,1,2,5,34500
8,667,1,2009,0,0,7,34500
18,668,85000,2014,0,2,5,34500
2,265,132000,2015,1,0,5,34500
2,557,157000,2010,0,1,5,34500
2,652,123000,2013,0,2,5,34500
39,669,35000,2017,0,2,6,34500
5,57,78000,2017,1,0,5,34500
6,568,136000,2009,0,2,5,34500
2,557,160000,2010,1,2,5,34500
9,11,170000,2014,0,0,6,34500
50,670,214000,2007,0,2,17,34900
0,0,51000,2017,0,2,4,34900
2,671,200000,1980,1,0,8,3500
24,218,98000,2013,0,2,5,35000
9,229,140000,2014,1,0,5,35000
2,557,178000,2010,1,0,5,35000
24,672,170000,2014,0,2,5,35000
20,673,108000,2013,0,2,9,35000
28,376,22000,2017,0,2,4,35000
0,420,95000,2015,0,2,4,35000
31,634,27000,2015,1,0,6,35000
3,431,164000,2011,0,0,4,35000
23,674,1000,2018,0,2,5,35000
6,675,99000,2013,0,1,5,35000
25,616,141000,2010,1,2,7,35000
34,676,265000,2012,1,2,10,35000
10,677,66099,2009,0,2,6,35000
18,412,270000,2004,1,2,8,35000
36,678,420,2002,1,2,12,35000
30,679,350000,2008,1,1,9,35000
3,299,20000,2017,0,0,4,35000
2,159,52000,2017,0,0,4,35000
5,680,53000,2012,0,2,5,35000
18,230,90000,2014,0,0,5,35000
15,681,159000,2016,0,2,6,35000
6,18,112000,2009,0,0,5,35000
16,11,130000,2011,1,1,5,35000
20,682,138000,2015,0,2,6,35000
23,418,33000,2017,0,1,4,35000
3,299,20000,2017,0,0,4,35000
2,683,52000,2017,0,2,4,35000
28,684,92000,2014,0,2,6,35000
9,87,140000,2014,1,0,5,35000
31,685,21717,2017,0,2,4,35000
10,686,273000,2002,1,1,13,35000
6,6,132000,2009,0,2,11,35000
3,687,100000,2013,0,1,6,35000
2,688,215000,2008,1,2,6,35000
2,159,33000,2017,0,0,4,35000
6,689,90000,2009,0,2,5,35000
10,177,280000,2004,1,2,7,35000
2,466,100000,2011,0,0,7,35000
20,382,210,2013,0,0,7,35000
5,680,53000,2012,0,2,5,35000
24,690,93000,2015,0,2,5,35000
10,691,286000,2004,1,2,7,35000
5,352,25000,2010,1,0,16,35000
2,557,195000,2011,0,0,6,35000
10,53,185000,2002,1,2,9,35000
2,692,162000,2009,0,2,5,35000
5,122,53000,2012,0,0,5,35000
10,694,280000,2004,1,2,7,35000
16,695,58000,2013,0,2,6,35000
8,8,25000,2017,1,0,16,35000
5,680,53000,2012,0,2,5,35000
0,696,202000,2013,1,2,6,35000
34,216,265000,2012,1,0,10,35000
5,655,155000,2010,0,0,7,35000
28,697,88000,2013,0,2,5,35000
28,698,52120,2015,0,0,5,35000
20,699,259000,2009,1,2,9,35000
8,390,5000,2019,1,1,12,350000
2,16,200,1999,0,0,4,350000
0,0,73500,2014,0,0,5,35200
0,0,73500,2014,0,0,5,35200
0,0,51000,2017,0,0,4,35200
2,557,209,2010,0,0,5,35500
2,700,200000,2010,0,2,5,35500
5,57,170,2010,1,0,6,35500
10,701,145000,2010,1,2,7,35500
3,431,60000,2012,0,0,4,35500
2,702,78500,2017,0,2,4,35500
2,557,140000,2010,0,2,6,35500
2,652,88000,2015,0,2,5,35500
0,149,82000,2010,1,0,6,35500
23,418,8000,2018,0,2,5,35500
0,703,78000,2017,0,2,5,35500
2,557,171000,2011,1,0,5,35555
24,704,49000,2016,0,2,5,35700
23,705,6700,2018,0,2,5,35800
0,706,36500,2013,0,2,5,35800
3,605,52000,2015,0,2,4,35800
16,11,96000,2015,0,2,6,35800
6,707,120000,2008,0,2,7,35900
2,28,270000,2006,1,1,12,36000
16,708,206000,2011,1,2,5,36000
18,594,70100,2014,0,2,5,36000
0,464,105000,2011,1,0,6,36000
31,634,200000,2012,1,0,6,36000
5,352,39000,2013,0,0,6,36000
43,709,135000,2012,1,0,10,36000
0,395,111046,2014,0,2,4,36000
16,106,55000,2016,0,2,5,36000
12,710,95000,2012,0,2,6,36000
0,395,111046,2014,0,0,4,36000
2,28,1,2006,1,1,12,36000
0,0,1000,2019,0,0,4,36000
23,711,250000,2009,1,2,6,36000
5,712,42500,2015,0,2,5,36000
2,713,3000,2008,0,2,9,36000
2,557,136000,2010,0,0,5,36000
5,122,55560,2016,0,2,5,36000
2,714,30000,2008,0,2,9,36000
28,715,14000,2017,0,2,4,36000
0,716,130000,2012,0,2,6,36000
44,717,107,2017,0,0,5,36000
0,577,880000,2013,0,2,5,36000
12,718,107000,2013,0,2,6,36000
0,0,72000,2015,0,0,5,36000
3,719,120000,2011,0,1,8,36000
7,720,285000,2009,0,2,7,36000
20,447,25000,2017,0,2,5,36000
18,230,105000,2015,0,0,6,36000
2,252,122000,2010,0,0,7,36500
0,0,26000,2017,0,0,4,36500
17,635,22000,2017,1,0,5,36500
5,492,174000,2012,0,2,9,36500
38,721,4000,2018,0,2,5,36500
38,722,8600,2018,0,2,5,36500
2,557,190,2012,0,0,5,36500
16,723,160000,2011,1,2,5,36500
2,252,260000,2010,1,0,5,36500
2,252,260000,2010,1,2,5,36500
0,0,25000,2017,0,0,4,36500
24,724,13000,2015,0,1,5,36500
2,466,145500,2013,0,2,8,365000
33,725,67000,2014,0,2,5,36800
5,655,113,2010,0,0,7,36850
2,2,130,2009,0,0,9,36900
12,726,250000,1988,0,2,7,3700
14,727,214000,2011,0,2,7,37000
2,466,96500,2008,0,2,7,37000
0,0,80000,2014,0,0,5,37000
0,0,79000,2016,0,0,5,37000
31,124,102000,2017,1,1,8,37000
20,728,58000,2015,0,2,5,37000
7,729,260000,2003,0,1,11,37000
33,730,75000,2015,0,0,7,37000
14,393,157,2011,1,1,4,37000
18,230,3300,2018,0,0,4,37000
14,727,214000,2011,0,2,7,37000
24,218,98000,2015,0,2,7,37000
2,731,215000,2009,0,0,7,37000
18,732,372000,1997,1,2,11,37000
6,733,147946,2008,0,1,7,37000
51,734,22000,2018,0,0,7,37000
31,494,38000,2017,0,2,5,37000
20,66,192000,2009,1,2,10,37000
2,735,85000,2013,1,2,5,37000
15,736,102000,2004,0,2,13,37000
5,737,64000,2016,0,2,5,37000
3,738,131329,2013,0,2,4,37000
20,739,142000,2013,0,2,7,37000
2,73,128000,2011,1,0,7,37000
2,252,215000,2009,1,0,6,37000
0,103,36400,2017,0,2,5,37000
7,740,250,2004,1,1,15,37000
19,741,70000,2015,0,1,21,370000
19,742,0,2014,0,1,33,370000
2,252,197000,2010,1,2,5,37500
20,306,140000,2013,0,2,7,37500
20,42,110000,2015,0,1,7,37500
0,0,1800,2017,0,0,4,37500
43,743,154850,2013,1,2,7,37500
5,744,94000,2011,0,2,9,37500
20,306,140000,2013,0,1,7,37500
36,745,365000,2007,1,1,10,37500
16,746,38000,2014,0,2,6,37500
0,0,52000,2016,0,0,5,37500
5,352,104000,2014,0,2,5,37500
8,667,170000,2010,0,1,7,37500
16,747,158000,2013,1,1,5,37800
15,748,93000,2015,0,2,6,37800
2,749,180000,2010,1,2,5,37900
24,750,63000,2016,0,2,5,37900
0,751,36000,2015,0,2,5,37900
0,0,85000,2016,0,1,5,37900
32,218,63000,2016,0,1,5,37900
5,655,140,2011,0,0,7,38000
2,557,175000,2011,0,2,5,38000
2,557,156000,2009,1,1,5,38000
24,752,127000,2012,0,2,5,38000
3,431,41000,2014,0,2,4,38000
16,753,130000,2014,0,2,5,38000
32,218,55978,2016,0,0,5,38000
23,64,198800,2009,1,0,6,38000
20,754,109000,2014,0,2,7,38000
28,755,38000,2017,0,1,5,38000
34,216,194000,2005,1,2,4,38000
20,382,145000,2010,0,2,8,38000
24,756,106000,2012,0,2,10,38000
7,757,140000,2008,1,2,7,38000
15,611,135000,2013,1,0,10,38000
2,758,28000,2015,0,2,4,38000
0,395,34000,2016,0,1,5,38000
2,759,126,2011,1,2,7,38000
2,28,187000,2004,1,1,12,38000
40,760,43000,2015,0,2,4,38000
18,761,71000,2014,0,2,5,38000
2,557,156000,2009,0,1,5,38000
43,743,149000,2013,1,2,7,38000
5,35,297000,2009,1,0,7,38000
24,373,96400,2015,0,2,5,38000
2,762,168000,2009,0,2,5,38000
14,763,195000,2009,0,1,10,38300
12,24,37000,2016,0,2,5,38500
34,216,214000,2011,1,0,10,38500
5,122,65000,2016,0,2,5,38500
12,660,45000,2016,0,2,5,38500
18,230,26000,2018,0,0,4,38500
10,764,160000,2003,1,2,7,38500
16,106,78000,2017,0,2,4,38500
46,765,16000,2017,0,2,4,38500
32,218,53000,2015,0,0,5,38500
5,122,54000,2017,0,2,5,38500
19,766,65000,2013,0,1,33,385000
32,218,60000,2017,0,0,5,38900
45,767,34000,2017,0,2,5,38900
44,717,34000,2017,0,1,5,38950
43,768,163000,2012,1,2,7,39000
20,306,130000,2013,0,2,7,39000
34,216,200000,2013,1,0,8,39000
43,769,163000,2012,1,0,7,39000
16,770,125000,2014,0,2,6,39000
10,771,190000,2001,0,1,26,39000
34,772,190000,2014,1,2,8,39000
0,773,130000,2013,0,1,7,39000
13,217,270000,2006,1,1,8,39000
2,557,70625,2011,0,2,5,39000
20,774,127000,2014,0,2,9,39000
14,275,146000,2009,0,2,7,39000
0,0,17000,2018,0,0,5,39000
5,775,73000,2016,0,2,5,39000
14,275,146000,2009,0,1,7,39000
2,252,270000,2008,1,2,6,39000
23,776,206058,2009,1,2,10,39000
0,0,10000,2018,0,0,5,39000
10,53,270000,2006,1,1,8,39000
3,198,2000,2018,0,2,4,39500
17,635,40000,2017,0,0,5,39500
20,777,104000,2014,0,2,9,39500
20,382,80000,2014,0,1,7,39500
44,717,34500,2017,0,0,5,39500
2,778,13000,2017,0,2,4,39500
14,779,171000,2008,0,1,11,39500
20,382,930000,2019,0,0,7,39500
0,109,165000,2014,1,2,6,39500
24,218,31000,2014,0,2,5,39500
33,780,103,2013,0,0,5,39500
25,616,162000,2009,1,2,7,39500
15,611,155000,2014,1,2,8,39500
20,781,80000,2014,0,2,7,39500
16,782,65000,2017,0,2,4,39700
19,41,180,2004,0,1,19,39800
5,783,189000,2012,1,2,6,39900
15,33,300000,2006,1,0,9,4000
2,784,152000,2011,1,2,5,40000
7,785,140000,2010,0,1,7,40000
2,786,125000,2009,0,2,10,40000
7,15,138000,2009,0,2,7,40000
33,780,111000,2014,0,2,5,40000
3,601,64000,2013,0,2,5,40000
2,557,152000,2009,1,1,5,40000
2,787,170000,2009,0,1,9,40000
2,788,183000,2011,0,2,6,40000
0,0,60000,2016,0,0,5,40000
20,789,93300,2014,0,2,7,40000
13,790,60000,1999,1,0,24,40000
16,281,167000,2008,1,2,7,40000
7,84,53000,2009,0,2,4,40000
2,791,152000,2011,1,2,5,40000
8,232,250000,2004,0,1,11,40000
5,792,45000,2017,0,2,5,40000
2,252,190000,2011,1,2,5,40000
33,793,119200,2012,0,2,6,40000
7,15,80000,2012,1,1,4,40000
2,252,145000,2011,1,1,6,40000
0,0,60000,2016,0,0,5,40000
24,794,66000,2013,0,1,8,40000
2,252,209000,2010,1,2,5,40000
15,795,79000,2015,0,2,6,40000
2,796,217000,2011,1,2,5,40000
30,552,39000,2017,0,2,7,40000
23,797,168000,2011,1,2,6,40000
2,265,1,2016,1,2,7,40000
20,798,61000,2012,0,2,8,40000
2,799,133000,2009,1,2,6,40300
2,252,133000,2009,1,0,6,40300
7,800,190000,2010,0,2,7,40500
16,801,9000,2018,0,2,5,40500
2,802,119000,2009,1,2,6,40700
2,252,119000,2009,1,0,6,40700
28,803,55000,2017,0,2,5,41000
23,804,103000,2012,0,1,7,41000
9,11,102000,2015,0,0,5,41000
45,767,28000,2017,0,2,5,41000
14,275,136000,2010,0,0,7,41000
33,805,85000,2013,0,2,5,41000
2,557,191000,2011,0,0,5,41000
2,557,141000,2012,0,0,5,41000
46,484,60000,2016,0,0,4,41000
2,557,141000,2012,0,0,5,410000
30,806,4700,2018,0,2,4,41500
14,807,168000,2010,0,2,7,41500
2,787,150000,2009,0,2,10,41500
33,780,129000,2014,0,2,5,41500
0,808,105000,2015,0,2,8,41500
2,809,191000,2011,0,2,5,41500
7,810,158000,2009,0,1,7,41500
14,811,110000,2009,0,2,7,41500
0,0,60000,2016,0,0,5,41500
5,492,113000,2012,0,2,9,41900
20,754,67000,2014,0,2,7,41900
2,70,300000,1983,0,0,6,4200
2,70,300000,1983,0,0,6,4200
0,420,78000,2016,1,2,6,42000
23,812,112,2013,1,2,6,42000
6,813,120000,2009,0,1,10,42000
16,814,55000,2013,0,2,6,42000
16,814,55000,2013,0,2,6,42000
2,815,220000,2009,0,1,9,42000
16,814,55000,2013,0,2,6,42000
16,814,55000,2013,0,2,6,42000
0,0,60000,2016,0,2,5,42000
14,816,167000,2008,1,2,8,42000
16,814,55000,2013,0,2,6,42000
32,268,83000,2008,1,1,9,42000
32,817,107000,2013,0,1,8,42000
28,818,128000,2010,0,1,11,42000
42,819,160000,2010,0,2,7,42000
8,667,160000,2008,1,1,9,42000
43,820,164000,2012,1,2,7,42000
16,821,142000,2015,0,2,5,42000
34,216,61000,2017,1,2,9,42000
16,814,55000,2013,0,2,6,42000
3,431,64000,2013,0,0,5,42000
6,18,109000,2008,0,0,10,42000
5,822,78000,2014,0,2,5,42000
24,823,114,2015,0,2,7,42000
5,824,65000,2016,0,2,5,42000
3,825,75783,2015,0,2,4,42000
32,166,12000,2018,0,1,5,42000
2,252,160000,2011,0,2,7,42000
28,826,34000,2016,0,2,6,42000
33,827,1580000,2013,0,1,6,42000
2,252,167000,2012,1,2,5,42000
23,596,168000,2010,1,1,10,42000
24,218,50000,2016,0,2,5,42500
33,828,97000,2015,0,2,5,42500
9,106,39500,2017,0,0,4,42500
7,829,180000,2009,1,2,7,42500
16,508,52000,2015,0,2,5,42500
2,830,128000,2011,0,2,6,42500
10,831,180000,2008,0,2,7,42800
3,431,39000,2018,0,0,4,42900
10,22,172000,2008,1,2,8,42900
10,832,122000,2007,0,2,10,43000
0,833,80000,2014,0,2,6,43000
24,373,50000,2016,0,2,5,43000
2,252,135000,2011,1,1,5,43000
34,216,190000,2007,1,0,12,43000
2,834,193000,2011,1,2,5,43000
5,655,130000,2010,1,0,6,43000
52,835,24000,2017,0,2,7,43000
32,817,202000,2013,0,1,8,43000
0,420,60000,2015,0,2,7,43000
24,836,200000,2013,0,1,8,43000
33,780,64000,2014,0,2,6,43000
28,837,50000,2017,0,2,5,43000
2,557,170000,2011,0,2,7,43000
2,252,68000,2012,0,0,7,43000
15,838,72000,2014,0,2,6,43000
53,839,6500,2018,0,2,4,43000
32,817,75000,2015,0,0,7,43000
32,817,114000,2014,0,1,7,43000
0,833,80000,2014,0,2,6,43000
24,840,73000,2014,0,1,8,43000
42,841,148000,2012,0,2,7,43000
0,842,125000,2014,0,2,6,43000
10,271,158000,2003,0,1,17,43000
53,843,30000,2017,0,2,4,43500
16,821,80000,2015,0,2,5,43500
12,844,119000,2014,0,2,8,43500
3,845,76000,2016,0,2,4,43500
33,780,110000,2013,0,2,5,43500
2,846,100000,2013,0,2,5,43500
0,0,9000,2016,0,2,5,43500
2,846,100000,2013,0,1,5,43500
54,847,9500,2018,0,2,6,43500
3,431,76000,2016,0,0,4,435000
13,76,186000,2009,0,0,9,43800
16,274,19000,2018,0,2,5,43900
2,848,196000,2010,0,2,11,44000
43,769,10000,2013,1,0,7,44000
2,2,196000,2010,0,2,11,44000
14,78,196000,2010,0,1,11,44000
5,492,175000,2012,1,2,6,44000
33,849,44,2016,0,2,6,44000
53,850,36000,2017,0,2,4,44000
2,2,196000,2010,0,2,11,44000
15,851,72000,2015,0,1,6,44000
5,852,85000,2015,0,2,5,44000
13,27,220450,2007,1,0,10,44000
14,727,110000,2011,0,2,7,44000
31,634,122000,2015,0,0,7,44000
20,853,70000,2015,0,2,6,44000
24,373,4000,2016,0,2,5,44000
18,854,8946,2018,0,2,5,44000
32,218,30000,2016,0,1,5,44000
2,855,84000,2014,0,2,5,44000
5,856,11350,2016,0,2,5,44000
13,76,204000,2004,0,1,9,444444
3,431,13850,2016,0,1,4,44500
2,857,123000,2012,0,2,6,44500
16,858,79300,2014,1,2,6,44500
32,817,110000,2015,0,1,8,44500
2,846,123000,2013,0,0,5,44800
16,859,195000,2014,0,1,9,44900
28,860,137000,2014,0,1,8,44900
33,780,77800,2015,0,0,6,45000
2,557,106000,2012,0,2,6,45000
8,8,169000,2009,0,1,7,45000
14,275,118000,2013,0,0,7,45000
14,861,117000,2013,0,2,7,45000
32,218,40000,2017,0,1,5,45000
14,657,105555,2012,0,0,6,45000
24,756,170000,2013,0,1,10,45000
7,862,112000,2004,0,1,11,45000
24,373,19000,2017,0,2,5,45000
14,863,124000,2013,0,2,7,45000
10,320,130000,2004,1,1,9,45000
8,8,117800,2006,1,0,9,45000
28,864,160000,2014,0,2,7,45000
16,865,32000,2017,0,2,4,45000
23,866,107000,2013,1,2,6,45000
23,64,220000,2011,1,1,6,45000
2,28,207,2005,1,1,12,45000
10,22,165000,2008,1,2,8,45000
7,15,163000,2009,1,2,9,45000
32,817,97000,2014,0,1,8,45000
14,275,170000,2010,0,2,7,45000
8,232,183000,2009,0,1,9,45000
46,867,100,2016,0,2,4,45000
23,868,125000,2010,1,2,9,45000
28,569,51000,2014,0,2,7,45000
5,869,2600,2018,0,2,5,45000
13,870,90000,2004,0,1,11,45000
24,871,150000,2013,0,1,8,45000
7,872,117800,2006,1,2,9,45000
6,568,102000,2012,0,1,7,45000
2,873,91000,2014,0,2,5,45000
15,874,18000,2017,0,2,6,45000
5,352,39000,2013,0,0,6,45000
8,8,181000,2009,0,1,9,45000
2,875,171000,2013,0,2,5,45000
2,2,196000,2010,0,2,11,45000
9,11,92500,2015,0,0,5,45000
13,27,130000,2004,1,1,9,45000
19,876,190000,2004,0,1,27,45000
10,877,252000,2007,1,1,10,45000
2,252,190000,2011,0,1,7,45000
2,557,105000,2012,0,0,6,45000
16,878,37000,2017,0,2,4,45000
23,804,114000,2011,1,2,6,45000
34,216,129000,2015,1,2,10,45000
33,879,60000,2015,0,2,5,45000
2,880,150,2015,0,2,4,45000
52,835,11000,2016,0,2,7,45500
18,881,22652,2017,0,2,5,45500
8,8,170,2010,0,0,7,45500
24,218,39000,2017,0,2,5,45500
2,882,67950,2012,0,2,5,45700
10,883,230000,2008,1,1,8,45900
14,275,175000,2010,0,1,9,46000
14,275,75000,2011,0,0,7,46000
2,786,98500,2012,0,1,9,46000
0,884,130000,2014,1,2,6,46000
2,885,111000,2014,0,2,7,46000
2,886,129000,2014,0,2,5,46000
9,887,60000,2013,0,0,7,46000
2,557,122000,2013,1,2,5,46000
2,846,81800,2013,0,0,5,46000
2,888,166000,2012,1,2,5,46000
33,780,101000,2013,0,2,5,46000
23,64,150000,2012,1,0,7,46000
2,159,23000,2017,0,0,5,46000
33,889,60000,2016,1,0,5,46000
33,890,17000,2017,0,2,6,46000
28,891,60000,2015,0,1,8,46000
14,892,175000,2010,0,2,9,46000
23,67,202000,2012,1,2,7,46000
2,735,64000,2016,1,2,5,46000
23,804,80000,2011,0,2,7,46000
10,893,200000,2008,1,2,9,46000
28,894,114000,2015,0,2,7,46000
33,895,31600,2016,0,2,6,46500
33,780,47000,2017,0,0,6,46500
43,896,106000,2012,1,1,11,46500
33,897,93000,2014,0,1,6,46500
20,306,114000,2016,0,2,6,46500
18,898,14425,2015,0,1,6,46500
8,8,170000,2010,0,0,7,46500
2,846,75000,2014,0,0,5,46500
24,899,68000,2014,0,1,8,46800
24,218,25000,2018,0,2,5,46800
2,900,117000,2013,0,2,5,46800
32,218,25000,2017,0,1,5,46900
33,780,88000,2015,0,0,5,46980
2,901,85000,2013,0,2,6,47000
14,902,186000,2012,1,2,5,47000
43,896,108000,2012,1,2,11,47000
7,99,103000,2010,0,2,6,47000
15,903,107200,2014,0,2,6,47000
13,76,209000,2009,1,0,9,47000
7,390,270000,2005,1,1,15,47000
20,904,115000,2015,0,2,6,47000
33,780,90000,2015,0,2,5,47000
14,905,194000,2011,0,2,6,47000
5,906,9000,2018,1,2,8,47000
2,252,118000,2010,0,1,9,47000
31,634,89000,2015,0,2,7,47000
24,756,145000,2014,0,1,9,47000
2,846,94000,2013,0,1,6,47000
24,817,35000,2015,0,2,7,47000
15,611,68000,2011,1,0,10,47000
33,907,101000,2014,0,1,6,47000
5,352,88900,2015,0,1,5,47200
15,560,35000,2016,0,1,6,47500
16,908,11000,2015,0,2,5,47500
14,275,108000,2010,0,2,9,47500
37,551,142800,2012,1,2,10,47500
2,909,91000,2013,0,2,5,47500
28,910,102000,2014,0,1,8,47500
28,911,85300,2014,0,1,8,47700
2,265,108000,2017,1,2,5,47900
0,912,295000,1989,0,0,4,4800
2,265,22000,2017,1,0,201,48000
24,913,63000,2015,0,2,7,48000
8,8,153000,2010,0,1,7,48000
43,709,170000,2013,1,1,11,48000
8,232,168000,2009,0,1,9,48000
28,914,55000,2013,0,1,8,48000
5,915,99954,2015,1,2,7,48000
6,568,89000,2012,0,1,7,48000
15,560,34000,2016,0,1,6,48000
2,916,270000,2011,1,2,8,48000
24,917,34500,2015,0,2,7,48000
10,22,220000,2009,0,2,9,48000
28,918,67000,2012,0,2,7,48000
17,125,30000,2017,0,1,5,48000
32,817,33000,2015,0,1,7,48000
15,919,56000,2015,0,2,6,48000
2,920,85000,2013,0,2,6,48000
23,921,220000,2013,1,2,7,48000
2,252,158000,2011,1,0,7,48000
5,352,113000,2014,0,1,6,48500
2,787,231000,2012,1,2,8,48500
33,922,98000,2014,0,1,6,48500
5,352,113000,2014,0,2,6,48500
33,780,95438,2014,0,1,6,48500
33,780,99000,2014,0,0,6,48500
18,230,21000,2018,0,0,5,48500
23,64,230000,2010,1,0,6,48500
18,230,8000,2018,0,0,6,48500
16,923,74000,2013,0,1,7,48800
16,924,113000,2013,0,1,7,48800
7,15,170000,2010,0,2,7,48900
2,846,153000,2014,0,1,6,48900
7,15,92000,2010,0,2,9,48900
24,817,110000,2015,0,1,8,48900
13,76,171000,2009,0,1,9,49000
8,232,185157,2008,0,1,9,49000
2,252,140000,2012,1,2,5,49000
17,125,14421,2018,0,0,5,49000
31,634,46000,2017,0,0,7,49000
7,925,185157,2008,0,1,9,49000
0,833,89000,2016,1,2,4,49000
2,846,140,2013,0,1,5,49000
31,634,38950,2017,0,0,7,49000
39,926,40000,2017,0,2,7,49000
33,927,89000,2014,0,1,6,49000
49,767,20000,2016,0,2,5,49000
33,928,93421,2015,0,1,6,49000
16,929,90000,2016,1,2,5,49200
2,252,168000,2012,1,1,5,49500
9,106,20000,2017,0,1,4,49500
14,779,160000,2009,0,2,11,49500
14,930,122800,2010,1,1,8,49500
16,931,0,2019,0,2,4,49500
23,932,52000,2013,0,1,7,49500
3,933,67000,2016,1,2,8,49500
24,934,49500,2014,0,1,10,49500
2,935,168000,2012,1,2,5,49500
2,252,168000,2012,1,1,5,49500
46,936,0,2019,0,2,4,49500
43,743,61000,2014,1,2,7,49500
33,780,92000,2015,0,2,5,49500
20,306,112000,2015,0,2,6,49500
2,937,104000,2014,0,2,5,49800
23,596,123000,2013,1,2,10,49900
10,938,8000,1982,1,2,8,5000
55,939,15,2018,0,0,1,5000
37,266,1,2018,0,0,1,5000
10,940,38700,2010,0,2,7,50000
2,941,120000,2012,1,2,5,50000
20,306,112000,2015,0,2,6,50000
30,942,80000,2013,0,2,8,50000
16,943,20000,2011,1,2,6,50000
2,252,60000,2009,1,0,7,50000
52,944,2700,2018,0,2,7,50000
0,945,60000,2015,0,2,6,50000
2,946,40000,2014,0,2,5,50000
12,947,84000,2016,0,2,8,50000
45,948,48000,2018,0,1,6,50000
43,949,113000,2014,1,2,9,50000
12,950,175000,2011,1,2,48,50000
31,634,60000,2017,0,2,7,50000
14,951,106000,2013,0,2,5,50500
14,952,74000,2007,0,2,12,51000
2,846,185000,2014,1,2,5,51000
49,953,25000,2016,0,2,5,51000
14,954,147,2013,0,2,7,51000
24,955,138000,2011,0,1,11,51000
24,956,138000,2012,0,1,12,51000
23,64,191800,2013,1,0,7,51000
7,957,99000,2009,0,2,7,51500
13,76,180000,2009,0,1,9,51500
15,958,66000,2016,0,2,6,51800
14,952,72000,2008,0,2,12,51900
2,959,140000,2011,1,2,5,52000
14,275,200000,2011,0,0,7,52000
7,960,158000,2012,0,1,6,52000
14,961,154000,2008,0,2,10,52000
36,962,85000,2011,0,2,9,52000
7,963,100000,2010,0,1,7,52000
7,964,117,2009,0,2,7,52000
33,780,82000,2015,0,0,6,52000
2,846,59000,2014,0,0,5,52000
33,780,74000,2015,0,1,6,52000
2,965,110000,2014,0,2,7,52000
33,780,41000,2016,0,2,6,52000
2,966,77000,2016,0,2,5,52000
16,106,9000,2017,0,2,4,52000
7,967,137000,2010,0,2,7,52000
2,968,60000,2014,0,2,5,52000
2,969,104000,2013,0,2,5,52000
2,970,4500,2018,0,2,5,52000
14,971,170000,2008,0,2,10,52000
53,972,6000,2018,0,2,4,52000
34,216,140676,2015,1,2,8,52000
34,216,142000,2011,1,2,8,52000
2,252,125000,2013,0,1,7,52500
2,846,78000,2013,0,2,6,52500
16,859,87000,2013,0,1,9,52500
8,8,136000,2010,0,0,7,52500
28,973,81798,2015,0,1,8,53000
24,955,159000,2012,0,1,11,53000
2,974,87000,2012,0,2,5,53000
32,218,3800,2018,0,0,5,53000
2,2,121000,2010,0,0,11,53000
9,859,180000,2012,1,1,6,53000
2,846,179000,2013,1,0,5,53500
2,252,169000,2014,1,1,6,53500
7,975,188000,2010,0,2,9,53900
7,976,200000,2007,0,1,12,54000
28,569,57000,2015,0,2,7,54000
20,977,201450,2013,1,2,7,54000
28,918,65000,2015,0,0,7,54000
32,218,3500,2018,0,0,5,54000
34,216,158000,2014,1,0,10,54000
33,978,76000,2015,0,2,5,54000
15,767,59000,2016,0,0,6,54000
20,979,41000,2015,0,2,6,54000
49,980,89000,2013,0,1,9,54000
2,252,147000,2011,1,1,5,54000
2,981,80008,2012,0,0,6,54000
2,916,150000,2011,1,2,8,54000
23,804,90000,2015,0,1,7,54000
2,252,138000,2013,1,1,5,54000
13,76,160,2009,0,1,9,54000
23,596,150000,2013,1,2,10,54000
15,767,59000,2016,0,2,6,54000
28,569,57000,2015,0,1,7,54000
2,982,80008,2012,0,2,6,54000
20,983,70000,2016,0,2,5,54000
16,281,65000,2017,1,2,7,54500
2,984,158000,2013,0,2,6,54800
2,252,168000,2014,1,1,6,54900
2,985,168000,2014,1,1,6,54900
0,986,200000,1985,0,0,7,5500
29,987,119000,2011,0,0,6,55000
19,41,175000,2004,0,1,27,55000
15,767,51000,2016,0,1,6,55000
24,988,94000,2014,0,1,10,55000
16,989,51000,2013,0,2,9,55000
5,492,111000,2014,0,1,9,55000
2,846,112000,2014,0,1,6,55000
8,232,164000,2009,0,0,13,55000
23,596,380000,2013,1,2,9,55000
29,990,119000,2011,0,2,6,55000
2,73,110000,2015,1,0,7,55000
43,991,82000,2016,0,1,7,55000
2,252,158000,2012,1,1,5,55000
2,73,115000,2015,1,0,7,55000
49,992,84000,2016,0,2,7,55000
2,993,87,2013,0,2,5,55000
33,994,50000,2016,0,2,6,55000
20,995,35000,2015,0,2,6,55000
2,2,130000,2012,0,1,7,55000
10,996,202000,2013,1,2,5,55000
34,216,161000,2014,1,2,10,55000
24,373,1000,2019,0,2,5,55500
10,997,183000,2011,0,1,8,55800
10,998,147000,2009,0,1,8,56000
32,817,35000,2014,0,1,7,56000
32,817,35000,2014,0,1,7,56000
24,817,35000,2014,0,1,7,56000
15,999,125000,2014,0,1,9,56000
7,810,60000,2008,0,1,9,56000
7,1000,295000,2009,1,1,10,56000
20,306,73000,2016,0,2,6,56500
14,1001,280,2007,1,2,4,56789
2,1002,300,1994,0,0,5,5700
10,1003,141000,2011,0,1,9,57000
15,1004,139000,2013,0,0,9,57000
34,216,190000,2011,1,2,10,57000
10,22,140000,2010,0,1,9,57000
15,154,157000,2014,0,1,9,57500
2,1005,87000,2012,0,2,6,57800
14,275,113000,2014,0,2,7,57900
9,1006,191000,1991,0,0,4,5800
15,767,40000,2017,0,1,6,58000
19,41,258000,2006,0,1,19,58000
23,64,191800,2013,1,0,7,58000
9,1007,76000,2015,1,0,6,58000
28,1008,88000,2015,1,2,17,58000
10,1009,190000,2013,1,2,5,58000
13,76,230,2011,1,1,7,58000
33,889,62000,2016,1,2,5,58000
56,79,107000,2017,0,2,9,58000
2,252,160000,2013,1,1,6,58000
24,1010,107000,2012,0,1,11,58000
29,1011,94000,2015,0,1,10,58500
13,98,130000,2013,0,1,6,58500
29,1011,94000,2015,0,1,10,58500
10,455,209000,2013,0,2,6,58900
0,270,200,2002,1,0,6,5900
49,1012,159000,2013,1,1,6,59000
37,1013,130000,2012,1,2,10,59000
14,1014,47000,2046,0,0,6,59000
43,1015,54500,2016,0,1,7,59000
28,973,24828,2015,0,1,8,59000
49,1016,130000,2014,0,1,9,59000
49,1017,130000,2014,0,1,9,59000
2,846,91000,2015,0,1,7,59000
0,1018,253000,1986,0,2,5,5950
13,177,450000,1984,1,1,8,6000
54,1019,25000,2018,1,2,9,60000
2,2,175000,2012,1,1,9,60000
0,270,66000,2013,1,2,7,60000
2,1020,47000,2016,1,2,7,60000
5,1021,11000,2018,0,2,5,60000
10,1022,175000,2009,0,2,11,60000
10,1023,130000,2013,0,2,9,60000
13,177,179000,2010,0,1,11,60000
28,636,6500,2018,0,1,5,60000
24,955,115000,2011,1,2,7,60000
13,27,40000,2018,0,0,10,60000
5,492,92000,2015,0,1,7,60000
14,275,160000,2013,0,1,7,61000
2,1024,38000,2014,0,2,5,61000
14,1025,120000,2015,0,2,5,61000
14,657,120000,2015,0,0,5,61000
2,1026,125000,2015,0,2,5,61000
7,720,131000,2013,0,2,7,61500
2,1027,57000,2013,0,2,5,61500
14,657,136000,2014,0,0,10,61500
32,955,103000,2013,1,1,11,61500
16,1028,30000,2018,1,2,5,61500
14,1029,136000,2014,0,2,10,61500
14,727,160000,2013,0,1,7,61900
15,1030,105000,2014,0,1,9,62000
7,1031,143000,2012,0,2,7,62000
10,53,188000,2010,0,1,11,62000
2,846,127,2015,0,2,5,62000
7,1032,90000,2010,1,1,10,62000
15,1033,75000,2017,0,2,6,62000
29,1034,44500,2014,0,1,10,62000
16,859,90000,2015,0,1,9,62000
33,1035,15900,2018,0,2,6,62000
5,492,79900,2015,0,1,7,62000
13,27,188000,2010,0,1,11,62000
2,1036,93000,2013,0,1,9,62000
2,846,64000,2016,0,0,5,62000
33,1035,15900,2018,0,2,6,62000
10,53,177000,2009,0,1,11,62000
43,991,85000,2015,1,2,7,62000
34,216,155000,2012,1,2,8,62500
14,275,83500,2014,0,2,7,62500
13,98,123000,2014,0,1,7,62500
34,1037,112022,2012,1,2,8,63000
10,22,178000,2011,0,1,9,63000
2,846,131000,2013,0,2,5,63000
33,1038,46000,2017,0,2,6,63000
34,216,113000,2012,1,0,8,63000
10,22,220000,2011,1,2,6,63000
14,1039,97000,2014,0,2,10,63000
9,859,130000,2014,0,1,9,63000
18,1040,246000,2005,1,0,11,63000
57,1041,106000,2004,0,1,34,63000
45,428,12000,2018,0,2,7,63000
14,1042,109000,2014,0,2,5,63000
33,780,43000,2017,0,2,6,63500
2,1043,78000,2015,0,2,7,63500
43,1044,8300,2017,0,1,7,64000
2,1045,100000,2012,1,2,5,64000
15,1046,158000,2014,0,1,9,64000
18,1047,296000,2012,1,2,8,64000
2,1048,216000,2019,1,2,7,64000
5,1049,1111111,1990,0,0,4,6500
20,168,250000,1993,0,1,5,6500
0,912,200000,1989,0,0,4,6500
6,1050,89000,2015,0,2,6,65000
24,955,116000,2013,1,1,11,65000
24,955,116000,2013,1,1,11,65000
24,1051,130000,2015,0,1,10,65000
10,1052,68000,2008,0,1,19,65000
2,846,72000,2016,0,2,5,65000
37,551,107000,2014,1,2,10,65000
34,216,94000,2012,1,2,8,65000
10,1053,180000,2012,1,1,7,65000
2,1054,32000,2014,0,2,5,65000
14,1055,77000,2014,0,2,10,65000
25,1056,100000,2009,0,1,17,65000
20,1057,120000,2013,0,1,12,65000
14,393,70500,2014,0,2,5,65000
34,1058,128000,2012,1,2,10,65000
7,1059,111000,2012,0,1,10,65000
15,1060,183000,2013,0,0,9,65000
2,984,129000,2014,0,2,6,65800
10,1061,137000,2013,0,2,6,65800
23,1062,129000,2014,1,2,4,66000
2,1063,46,2015,0,2,5,66500
10,1064,220000,2010,1,1,8,66500
14,1065,73000,2014,0,2,5,66500
14,657,73000,2015,0,0,5,66500
10,22,115000,2013,1,2,6,66900
10,455,83000,2014,0,1,6,66900
10,22,115000,2013,1,2,6,66900
7,1066,149000,2013,0,1,7,67000
23,1067,45894,2016,0,2,6,67000
2,1068,70000,2013,0,2,5,67000
23,1069,15000,2013,1,2,6,67000
14,1070,120000,2011,0,1,9,67000
15,1071,13000,2017,0,2,6,67000
2,28,165000,2006,1,1,16,67000
15,767,13000,2017,0,2,6,67000
58,1072,162000,2007,1,2,12,67500
2,846,38000,2016,0,0,7,67500
33,1073,48000,2016,0,2,6,67500
43,1074,30000,2017,0,2,7,67500
14,1075,120000,2011,0,1,9,67500
6,18,67000,2016,0,0,5,67600
6,1076,67000,2016,0,2,4,67600
10,1077,102000,2013,1,2,5,68000
14,1078,125000,2009,1,2,9,68000
14,1079,40000,2015,0,2,5,68000
14,1080,110000,2010,1,2,9,68000
32,268,142000,2013,1,1,12,68000
2,1081,51000,2016,0,2,6,68000
2,846,54000,2015,0,0,5,68000
14,275,85000,2015,0,1,7,68000
2,846,128000,2015,0,2,5,68000
2,916,157000,2013,1,2,8,68000
14,1070,120000,2011,0,1,9,68000
2,846,54,2015,0,1,5,68000
7,15,82000,2013,0,1,7,68000
20,306,22000,2018,0,1,7,68500
5,655,95000,2014,1,2,6,68500
7,15,150000,2013,0,1,7,68500
8,8,117000,2013,0,1,7,69000
13,217,156000,2009,1,1,10,69000
15,154,95000,2015,0,0,9,69000
34,1082,97000,2013,1,2,8,69000
19,41,187000,2003,0,1,27,69000
3,1083,53000,2015,1,2,6,69000
7,1084,138000,2012,1,2,6,69000
7,1085,230000,2007,1,1,15,69000
2,1086,51,2016,0,2,6,69000
2,1087,66000,2014,0,2,5,69000
14,607,176000,2010,0,1,13,69000
20,1088,8000,2018,0,2,7,69300
2,846,40000,2017,0,2,5,69500
10,320,145000,2011,0,1,11,69500
7,15,146000,2013,0,1,7,69900
16,99,380000,1997,1,2,7,7000
2,252,79000,2015,0,0,7,70000
2,1089,12000,2017,0,2,5,70000
56,79,47000,2017,0,1,9,70000
20,1090,82000,2015,0,1,8,70000
44,717,57000,2017,0,1,7,70000
8,8,170000,2015,0,1,7,70000
32,1091,125000,2013,1,0,6,70000
10,1092,85000,2011,1,2,7,70000
2,787,125,2012,0,1,13,70000
13,217,152,2010,1,1,10,70000
7,1093,155000,2014,0,1,7,70000
10,96,2400,2012,0,1,9,70000
10,455,92000,2014,0,1,6,70000
15,1094,22000,2016,1,2,9,70000
19,1095,190000,2005,0,1,27,70000
15,1096,110000,2014,0,1,9,70500
14,1097,124000,2010,0,1,13,71000
10,1098,170000,2012,1,2,7,71000
23,64,97000,2015,0,2,6,71500
7,15,142000,2013,0,1,7,71500
33,780,8000,2018,0,0,6,71800
1,171,220000,1998,0,0,4,7200
5,1099,100000,1994,0,2,5,7200
59,1100,112000,2011,1,1,13,72000
59,1101,112000,2011,1,1,13,72000
8,8,115000,2013,0,1,7,72000
8,8,115000,2013,0,1,7,72000
2,846,93000,2015,0,2,5,72000
13,27,220000,2010,0,1,11,72000
2,916,221495,2013,1,1,7,72000
2,1102,169000,2015,1,2,7,73000
10,1103,160000,2013,0,1,9,73000
13,98,150000,2013,1,0,6,73000
56,79,37500,2017,0,1,9,73000
2,1104,220,2014,1,0,7,73000
13,193,65000,2006,0,1,12,73000
10,1105,150000,2006,1,1,15,73000
7,15,112000,2012,0,1,10,73900
10,1106,210000,2009,1,2,15,74000
14,763,80000,2014,0,2,5,74000
10,53,255000,2011,0,2,11,74000
14,1107,100000,2014,0,1,5,74000
7,15,103000,2013,0,1,7,74500
10,997,94000,2013,0,2,8,74800
45,1108,3000,2017,0,1,9,74900
10,1109,95500,2014,0,1,6,74900
5,32,22500,1986,0,0,4,7500
5,1049,250000,1999,1,1,5,7500
12,24,270000,2000,0,0,4,7500
2,1110,88000,2013,0,1,6,75000
14,1111,90000,2015,0,1,7,75000
24,1112,125000,2013,1,2,6,75000
2,1113,121689,2013,1,1,7,75000
2,1114,80000,2016,0,2,7,75000
20,196,38000,2015,0,1,10,75000
29,1115,83000,2014,0,1,9,75000
2,846,8400,2017,0,0,6,75000
20,1116,38000,2015,0,1,10,75000
29,1117,83000,2014,0,1,9,75000
10,455,121000,2012,1,2,6,75000
6,1118,55000,2015,0,1,5,75000
7,1119,95000,2013,1,2,7,75000
43,1120,24000,2017,0,1,8,75000
14,1121,90000,2016,0,2,5,75000
10,1122,172000,2009,1,1,10,75000
18,1040,152000,2011,1,2,20,75000
6,568,56000,2013,0,2,5,75000
59,1123,75000,2012,1,2,10,75000
18,412,169000,2014,0,1,9,75000
14,1075,120000,2011,0,1,9,75000
7,1124,85000,2012,0,1,9,75000
43,1015,60000,2017,0,1,7,75000
7,1125,198000,2009,0,1,16,75800
10,1126,32000,2015,0,2,6,76000
10,1127,145000,2011,1,1,11,76000
28,1128,105000,2015,1,1,11,76000
10,1129,175000,2010,0,1,10,76000
13,76,169,2008,0,0,14,76000
2,1130,63000,2016,0,1,5,76500
10,53,152000,2011,0,1,11,76500
10,1131,63000,2013,0,2,6,76800
7,15,140000,2013,1,2,7,77000
24,1132,106185,2015,1,1,11,77000
6,1133,36000,2015,0,1,6,77800
2,1134,86000,2015,1,2,6,77800
9,74,288000,1998,0,0,5,7800
23,1135,49000,2016,0,1,6,78000
15,1136,60000,2017,0,1,9,78000
7,15,105000,2013,0,1,7,78000
2,1137,44000,2016,0,2,5,78000
13,27,189000,2010,1,1,10,78000
2,846,30000,2016,0,1,7,78000
2,252,90000,2016,0,2,7,78000
24,268,158000,2014,1,1,12,78000
24,268,158000,2014,0,1,12,78000
10,22,141000,2012,0,1,4,78800
20,1138,14750,2017,1,1,6,79000
20,1138,14750,2017,1,0,6,79000
0,0,1,2017,0,0,5,8000
0,270,123370,1989,1,0,8,8000
0,109,230,2010,0,0,5,8000
0,149,400000,2001,0,0,5,8000
0,103,1,2017,0,0,5,8000
10,53,140,2010,0,1,10,80000
10,1139,154000,2010,0,1,11,80000
43,1140,7200,2015,0,1,7,80000
10,1141,80000,2015,0,2,6,80000
8,232,175000,2011,1,0,10,80000
23,1142,55000,2016,0,1,6,80000
6,1143,12000,2018,0,2,6,80000
10,53,82000,2010,0,1,11,80000
43,896,130000,2014,1,1,4,80000
43,896,160000,2016,1,1,10,80000
21,1144,130000,2012,1,1,11,80000
7,1145,300000,2005,1,1,14,80000
6,568,16000,2014,0,1,7,80000
19,1146,0,2019,0,1,21,800000
23,1147,20000,2018,1,2,10,80900
10,1148,190000,2011,0,1,11,81000
28,1149,90000,2014,0,1,9,81000
10,1150,89000,2016,0,1,7,81500
7,1151,98000,2013,0,1,7,81500
20,1152,380000,1999,0,2,5,8200
2,1153,133,2015,1,1,6,82000
45,1154,3500,2018,0,1,9,82000
10,68,290000,2006,1,1,23,82000
21,1155,70000,2013,0,1,7,82000
15,1156,75000,2015,0,1,9,82500
10,455,82000,2014,0,1,6,82900
14,1157,156000,2013,1,1,7,83000
10,455,100000,2014,0,1,6,83000
2,1158,167000,2014,1,1,10,83500
2,1159,170000,2014,1,1,10,83500
18,1160,35000,2018,0,0,6,84000
2,846,68000,2016,0,1,6,84000
7,1161,70000,2015,0,2,7,84900
12,24,300,2000,0,2,4,8500
12,24,255000,1996,0,0,4,8500
3,48,170000,2000,0,0,5,8500
5,1049,22000,1993,0,0,4,8500
38,1162,0,2019,1,1,5,8500
5,1049,300000,1991,0,1,4,8500
0,109,220,2000,0,1,5,8500
20,1138,14750,2017,1,1,6,85000
28,1163,98000,2012,0,1,12,85000
23,1164,33000,2017,0,1,4,85000
19,41,170000,2009,0,1,21,85000
37,551,150000,2012,1,2,34,85000
2,1165,45000,2016,0,1,5,85000
10,1166,240000,2010,1,1,14,85000
23,64,139000,2014,1,1,7,85000
23,1167,139000,2014,1,1,7,85000
37,551,267000,2011,1,2,23,85000
13,193,240000,2010,1,1,14,85000
13,193,244000,2010,1,1,14,85000
25,333,130000,2014,0,1,16,85000
15,1168,91500,2015,0,1,9,85000
2,846,56000,2016,0,1,5,85000
10,53,145000,2010,0,1,12,85000
22,46,220246,2008,1,1,13,85000
31,634,30000,2018,1,0,6,85000
21,192,220246,2008,1,1,13,85000
14,607,200,2011,1,1,10,85000
7,15,107000,2015,0,2,7,85000
10,1169,100000,2013,0,1,6,85000
43,896,165000,2014,1,1,10,85000
20,1170,90000,1998,0,2,5,8600
13,98,53000,2015,0,1,7,86000
5,492,40000,2017,1,0,7,86000
17,1171,5000,2017,0,1,6,86000
19,1172,107000,2009,0,1,21,86800
10,1173,111000,2010,1,1,11,87000
6,1174,9000,2018,0,2,6,87000
10,1175,150000,2013,0,1,7,87000
5,1176,138500,2011,1,2,5,87000
24,955,31000,2017,0,2,7,87500
23,1177,29000,2016,0,1,6,87500
10,1178,160000,2010,0,1,12,87900
5,1049,999999,1996,0,1,7,8800
2,1179,75000,2012,1,2,7,88000
6,18,33000,2014,0,1,7,88000
7,1180,59500,2013,0,1,15,88000
7,15,76000,2015,0,1,7,88900
13,76,170000,2008,0,1,15,89000
13,76,170,2008,0,1,15,89000
8,390,147000,2007,1,1,15,89000
8,390,147000,2008,1,1,15,89000
49,1181,25600,2017,0,1,9,89000
2,1182,45000,2017,0,1,6,89500
2,846,45000,2017,0,1,6,89500
14,1183,94000,2016,0,2,8,89800
5,32,168000,2000,0,1,4,9000
9,44,220000,2000,1,0,5,9000
2,20,300000,1998,0,0,5,9000
2,157,100000,1995,0,2,5,9000
5,32,133000,1997,0,2,4,9000
3,21,200,1999,0,0,4,9000
20,362,190000,2001,0,0,6,9000
2,1184,29000,2015,1,2,7,90000
10,1185,5000,2018,0,2,6,90000
10,455,87500,2013,0,1,8,90000
28,1186,25,2019,0,2,7,90000
10,53,159000,2010,0,2,11,90000
10,80,90000,2013,0,1,8,90000
55,1187,470000,2007,1,0,33,900000
10,53,167000,2011,0,1,19,91000
13,98,65000,2017,0,1,6,91000
10,1188,91000,2012,0,1,9,91500
18,532,125000,2015,1,0,8,92000
14,1189,48000,2014,0,1,6,93000
10,1190,42000,2013,0,2,9,93000
5,32,281000,1996,0,0,4,9500
2,28,57000,2008,1,1,17,95000
20,66,190000,2015,1,0,7,95000
7,1191,105000,2011,1,1,10,95000
7,1192,100000,2011,1,1,10,95000
18,1193,158000,2014,1,2,8,95000
10,271,181000,2007,1,1,13,95000
7,1194,70000,2016,0,1,7,95000
27,1195,130000,2008,0,1,19,95000
7,1196,88000,2015,0,1,7,95000
2,916,300000,2012,1,2,7,95200
5,32,173000,2000,0,0,4,9600
8,667,46000,2016,0,1,7,96000
7,84,46000,2016,0,1,7,96000
13,27,170878,2013,0,1,11,96000
10,1197,170878,2013,0,1,11,96000
10,1198,97774,2007,1,1,15,97000
7,1199,146000,2012,1,1,10,97000
8,232,146000,2012,1,1,10,97000
0,1200,215000,1995,0,2,4,9800
14,1201,240000,2011,1,1,10,98000
13,271,95598,2007,1,1,15,98000
19,1202,127000,2009,0,1,31,98800
13,1203,290000,2006,1,1,23,99000
13,27,15500,2013,0,1,11,99000
10,1204,90000,2013,1,1,9,99000
12,1205,120000,2002,1,0,5,9999
2,265,100000,2014,1,0,5,9999
9,87,169000,2013,1,0,5,9999
2,252,138000,2012,1,0,5,9999
